Estacion,Numero_Libreta,Pagina,Año,Familia,Especie_fixed,Especie,Numero_del_Nido,N,Grados,Minutos,Segundos,S,Grados.1,Minutos.1,Segundos.1,W,Grados.2,Minutos.2,Segundos.2,Elevacion_fixed,Elevacion,Fecha_de_encuentro,old_begin,hatch_date2,old_hatch,Ultima_fecha_de_actividad,old_end,find_fixed,hatch_fixed,end_fixed,Fecha_de_ixctividad,Dias_Totales,Estado,Estado_fixed,Huevo_o_Polluelo,Tipo,Tipo_fixed,Largo_mm,Ancho_mm,Espesor_mm,Profundidad_1_mm,Profundidad_2_mm,Largo_mm.1,Ancho_mm.1,Alto_mm,Altura_fixed,Altura_sobre_el_suelo_cm,Total_g,Total_g_fixed,Capa_1_g,Capa_2_g,Capa_3_g,Capa_4_g,Material_extra,Numero,Largo_mm.2,Ancho_mm.2,Peso_g,Tamaño_de_Nidada,Fecha,Polluelos,Individuo,Edad,Masa_g,Tarso_mm,Ala_mm,Pico_mm,Cola_mm,T_inicial,T_final,T_ambiente,Todos_los_huevos_eclosionaron,Todos_los_polluelos_salieron_del_nido,Camara_trampa,Data_logger,Notas,Fecha_de_encuentro_posix,Ultima_fecha_de_actividad_posix,Fecha_de_ixctividad_posix,Fecha_posix,Fecha_de_ixctividad_yday,Fecha_yday,nestcode,nest_height_after_sp_average,genus,nest_mass_after_sp_average,Pagina2,new_nestcode,run_lengths,Fecha_de_encuentro_yday,old_begin_y,hatch_date_yday,old_hatch_y,Ultima_fecha_de_actividad_yday,old_end_y,final_find,final_hatch,final_end
Trocha_Union,0,1,2006,Trochilidae,,Coeligena_torquata,TU01_ML06,NA,NA,NA,NA,x,x,x,x,x,x,x,x,,2750,23-Aug-06,NA,NA,NA,24-Aug-06,NA,,,,NA,NA,Desconocido,,Huevo,Copa,,x,x,x,x,NA,x,x,x,,150,NA,,NA,NA,NA,NA,NA,x,x,x,NA,NA,NA,NA,NA,NA,NA,NA,NA,NA,NA,NA,NA,NA,NA,NA,No,No,,8/23/2006,8/24/2006,NA,NA,NA,NA,Coeligena_torquata_TU01_ML06,150,Coeligena,10.35,1,2006 -book: 0 -page: 1 -species: Coeligena_torquata -number: 1,1,235,NA,NA,NA,236,NA,235,NA,236
Road_San_Pedro,0,1,2006,Turdidae,,Myadestes_ralloides,SPR01_JJ06,NA,NA,NA,NA,x,x,x,x,x,x,x,x,,NA,29-Aug-06,29-Aug-06,NA,NA,31-Aug-06,31-Aug-06,,,,NA,NA,Desconocido,,Huevo,Copa,,80,x,x,38,NA,x,120,110,,250,NA,,x,x,x,x,x,1,24.5,17.8,3.9,2,NA,NA,NA,NA,NA,NA,NA,NA,NA,NA,NA,NA,x,NA,x,x,,8/29/2006,8/31/2006,NA,NA,NA,NA,Myadestes_ralloides_SPR01_JJ06,250,Myadestes,61.9088,1,2006 -book: 0 -page: 1 -species: Myadestes_ralloides -number: 1,1,241,241,NA,NA,243,243,241,NA,243
San_Pedro,0,2,2006,Thamnophilidae,,Thamnophilus_palliatus,ML2,NA,NA,NA,NA,x,x,x,x,x,x,x,x,,NA,31-Aug-06,31-Aug-06,NA,NA,NA,7-Sep-06,,,,NA,NA,x,,Huevo,Copa,,84,55,x,48,NA,104,85,68,,NA,NA,,x,x,x,x,x,1,21.3,16.6,3,2,NA,NA,NA,NA,NA,NA,NA,NA,NA,NA,NA,NA,x,x,x,x,,8/31/2006,NA,NA,NA,NA,NA,Thamnophilus_palliatus_ML2,350,Thamnophilus,5.38,2,2006 -book: 0 -page: 2 -species: Thamnophilus_palliatus -number: 1,1,243,243,NA,NA,NA,250,243,NA,250
Tono,0,9,2006,Thamnophilidae,,Dysithamnus_mentalis,T01_CM06,NA,NA,NA,NA,x,x,x,x,x,x,x,x,,950,12-Sep-06,11-Sep-06,NA,NA,NA,11-Sep-06,,,,NA,NA,x,,Huevo,Copa,,x,x,x,42,NA,72,52,51,,50,NA,,x,x,x,x,x,1,20.9,14.3,2.05,2,NA,NA,NA,NA,NA,NA,NA,NA,NA,NA,NA,NA,x,x,x,x,,9/12/2006,NA,NA,NA,NA,NA,Dysithamnus_mentalis_T01_CM06,50,Dysithamnus,3.766666667,9,2006 -book: 0 -page: 9 -species: Dysithamnus_mentalis -number: 1,1,255,254,NA,NA,NA,254,254,NA,254
Tono,0,11,2006,Tinamidae,,Crypturellus_cinereus,T01_ZP06,NA,NA,NA,NA,x,x,x,x,x,x,x,x,,NA,14-Sep-06,14-Sep-06,NA,NA,16-Sep-06,16-Sep-06,,,,NA,NA,x,,Huevo,Suelo,,x,x,x,25,NA,x,x,x,,0,NA,,x,x,x,x,x,1,37.4,28.8,17.2,1,NA,NA,NA,NA,NA,NA,NA,NA,NA,NA,NA,NA,x,x,x,x,,9/14/2006,9/16/2006,NA,NA,NA,NA,Crypturellus_cinereus_T01_ZP06,0,Crypturellus,NA,11,2006 -book: 0 -page: 11 -species: Crypturellus_cinereus -number: 1,1,257,257,NA,NA,259,259,257,NA,259
Wayqecha,0,13,2006,Turdidae,,Turdus_fuscater,ZP2,NA,NA,NA,NA,x,x,x,x,x,x,x,x,,NA,3-Oct-06,3-Oct-06,NA,3-Oct-06,6-Oct-06,6-Oct-06,,,,30-Oct-06,NA,NA,,Polluelo,Copa,,x,107,x,x,NA,155,x,x,,150,NA,,x,x,x,x,x,NA,NA,NA,NA,2,6-Oct-06,1,1,NA,39.4,NA,NA,x,x,x,x,NA,x,x,x,x,,10/3/2006,10/6/2006,10/30/2006,10/6/2006,303,279,Turdus_fuscater_ZP2,150,Turdus,367.6051923,13,2006 -book: 0 -page: 13 -species: Turdus_fuscater -number: 1,1,276,276,NA,276,279,279,276,276,279
Wayqecha,0,15,2006,Turdidae,,Turdus_serranus,ML3,NA,NA,NA,NA,13.1759,13,10,33.4,71.5998,71,35,59.1,,NA,4-Oct-06,4-Oct-06,NA,NA,17-Oct-06,17-Oct-06,,,,NA,NA,Depredado_parcial,,Huevo,Copa,,x,105,x,105,NA,x,150,150,,NA,NA,,x,x,x,x,x,1,x,x,8.8,2,NA,NA,NA,NA,NA,NA,NA,NA,NA,NA,NA,NA,x,x,x,x,,10/4/2006,10/17/2006,NA,NA,NA,NA,Turdus_serranus_ML3,295,Turdus,247.92,15,2006 -book: 0 -page: 15 -species: Turdus_serranus -number: 1,1,277,277,NA,NA,290,290,277,NA,290
San_Pedro,0,19,2006,Thraupidae,,Ramphocelus_carbo,ML5,NA,NA,NA,NA,13.1769,13,10,36.8,71.5856,71,35,8.1,,NA,7-Oct-06,7-Oct-06,NA,NA,8-Oct-06,8-Oct-06,,,,NA,NA,Activo,,Huevo,Copa,,x,x,x,x,NA,x,x,x,,NA,NA,,x,x,x,x,x,1,x,x,NA,1,NA,NA,NA,NA,NA,NA,NA,NA,NA,NA,NA,NA,x,NA,x,x,,10/7/2006,10/8/2006,NA,NA,NA,NA,Ramphocelus_carbo_ML5,116.9863014,Ramphocelus,17.68540984,19,2006 -book: 0 -page: 19 -species: Ramphocelus_carbo -number: 1,1,280,280,NA,NA,281,281,280,NA,281
San_Pedro,5,5,2009,Turdidae,,Turdus_hauxwelli,SP11_AC09,NA,NA,NA,NA,13.0551,13,3,18.4,71.5464,71,32,47.2,,1382,10-Oct-09,10-Oct-09,10-Oct-09,10-Oct-09,19-Oct-09,19-Oct-09,,,,20-Oct-09,10,Depredado_total,,Polluelo,Copa,,97.1,92,36.3,52.4,NA,131.4,144.9,19.8,,150,NA,,x,x,x,NA,NA,NA,NA,NA,NA,1,12-Oct-09,1,1,2,14.95,17,14,x,x,x,x,NA,No,x,x,No,,10/10/2009,10/19/2009,10/20/2009,10/12/2009,293,285,Turdus_hauxwelli_SP11_AC09,150,Turdus,178.97,5,2009 -book: 5 -page: 5 -species: Turdus_hauxwelli -number: 1,1,283,283,283,283,292,292,283,283,292
Pantiacolla,5,49,2011,Turdidae,,Turdus_hauxwelli,P1_SVR11,NA,NA,NA,NA,13.1,12,65,60.1,71.3851,71,23,6.3,,400,8-Sep-11,8-Sep-11,NA,NA,9-Sep-11,11-Sep-11,,,,11-Sep-11,3,Abandonado,,Huevo,Copa,,69.7,68.3,40.1,66.1,NA,94.4,x,75.2,,100,14.8,,6.08,8.8,x,x,x,A,27.2,19.8,5.9,2,NA,NA,NA,NA,NA,NA,NA,NA,NA,NA,NA,NA,x,x,x,Si,,9/8/2011,9/9/2011,9/11/2011,NA,254,NA,Turdus_hauxwelli_P1_SVR11,100,Turdus,14.8,49,2011 -book: 5 -page: 49 -species: Turdus_hauxwelli -number: 1,1,251,251,NA,NA,252,254,251,NA,252
San_Pedro,5,99,2009,Turdidae,,Turdus_hauxwelli,SP48_MASM09,NA,NA,NA,NA,13.0555,13,3,19.7,71.5466,71,32,47.7,,1412,29-Oct-09,30-Oct-09,NA,NA,1-Nov-09,NA,,,,NA,NA,Depredado_total,,Huevo,Copa,,x,x,x,x,NA,x,x,x,,NA,NA,,x,x,x,x,x,A,29.5,20.5,6.8,3,NA,NA,NA,NA,NA,NA,NA,NA,NA,NA,NA,NA,No,NA,No,Si,,10/29/2009,11/1/2009,NA,NA,NA,NA,Turdus_hauxwelli_SP48_MASM09,168.5882353,Turdus,178.97,99,2009 -book: 5 -page: 99 -species: Turdus_hauxwelli -number: 1,1,302,303,NA,NA,305,NA,302,NA,305
Pantiacolla,10,22,2011,Turdidae,,Turdus_hauxwelli,P79_CFV11,NA,NA,NA,NA,12.6561,12,39,21.8,71.2307,71,13,50.6,,395,10-Dec-11,10-Dec-11,NA,11-Dec-11,13-Dec-11,13-Dec-11,,,,13-Dec-11,3,Depredado_total,,Polluelo,Copa,,75.3,81.5,32.1,46.9,NA,118.5,150.6,65.5,,300,NA,,x,x,x,NA,NA,NA,NA,NA,NA,1,12-Dec-11,1,x,NA,11.55,10.1,9.5,x,x,32.587,31.306,23.61,Si,No,No,No,,12/10/2011,12/13/2011,12/13/2011,12/12/2011,347,346,Turdus_hauxwelli_P79_CFV11,300,Turdus,178.97,22,2011 -book: 10 -page: 22 -species: Turdus_hauxwelli -number: 1,1,344,344,NA,345,347,347,344,345,347
San_Pedro,10,44,2010,Turdidae,,Turdus_hauxwelli,SP08_MEK10,NA,NA,NA,NA,13.0551,13,3,18.2,71.5466,71,32,47.8,,1399,7-Oct-10,7-Oct-10,11-Oct-10,9-Nov-10,22-Oct-10,23-Nov-10,,,,23-Oct-10,16,Exitoso,,Polluelo,Copa,,94.8,95.5,16.4,47.9,NA,149.9,145.8,99.3,,96,275.6,,268.35,7.35,NA,NA,NA,NA,NA,NA,NA,2,12-Oct-10,1,Nomarcado,1,13.8,16,11,NA,NA,33.91,31.69,27.99,No,Si,x,Si,,10/7/2010,10/22/2010,10/23/2010,10/12/2010,296,285,Turdus_hauxwelli_SP08_MEK10,96,Turdus,275.6,44,2010 -book: 10 -page: 44 -species: Turdus_hauxwelli -number: 1,1,280,280,284,313,295,327,280,284,295
San_Pedro,10,130,2010,Turdidae,,Turdus_hauxwelli,SP39_GAC10,NA,NA,NA,NA,13.0517,13,3,6.2,71.5332,71,31,59.6,,1277,3-Dec-10,3-Dec-10,NA,NA,12-Dec-10,12-Dec-10,,,,12-Dec-10,9,Activo,,Huevo,Copa,,81.2,82.4,18,33.8,NA,123.5,126.7,121.2,,100,NA,,NA,NA,NA,NA,NA,1A,27,19.5,5.6,2,NA,NA,NA,NA,NA,NA,NA,NA,NA,NA,NA,NA,NA,NA,Si,Si,,12/3/2010,12/12/2010,12/12/2010,NA,346,NA,Turdus_hauxwelli_SP39_GAC10,100,Turdus,178.97,130,2010 -book: 10 -page: 130 -species: Turdus_hauxwelli -number: 1,1,337,337,NA,NA,346,346,337,NA,346
San_Pedro,11,41,2010,Turdidae,,Turdus_hauxwelli,SP13_MEK,NA,NA,NA,NA,13.0558,13,3,20.9,71.5399,71,32,23.8,,1327,15-Nov-10,15-Nov-10,28-Nov-10,29-Nov-10,NA,11-Dec-10,,,,11-Dec-10,26,Exitoso,,Polluelo,Copa,,95.5,85,30.7,51.5,NA,134.4,101.4,102,,220,NA,,NA,NA,NA,NA,NA,NA,NA,NA,NA,2,29-Nov-10,1,1,1,6.65,7.1,8.6,NA,NA,28.72,27,20.58,x,x,Si,Si,,11/15/2010,NA,12/11/2010,11/29/2010,345,333,Turdus_hauxwelli_SP13_MEK,220,Turdus,178.97,41,2010 -book: 11 -page: 41 -species: Turdus_hauxwelli -number: 1,1,319,319,332,333,NA,345,319,332,345
Pantiacolla,11,100,2012,Turdidae,,Turdus_hauxwelli,P12_DAGR12,NA,NA,NA,NA,12.6518,12,39,6.5,71.2309,71,13,51.1,,415,15-Oct-12,15-Oct-12,NA,NA,16-Oct-12,15-Oct-12,,,,16-Oct-12,1,Abandonado,,Huevo,Copa,,87.1,72.6,30.2,36.4,NA,148.8,95.3,160,,50,110,,98.16,12.51,x,x,x,1,25.9,20.1,5.48,2,NA,NA,NA,NA,NA,NA,NA,NA,NA,NA,NA,NA,No,x,Si,Si,,10/15/2012,10/16/2012,10/16/2012,NA,290,NA,Turdus_hauxwelli_P12_DAGR12,50,Turdus,110,100,2012 -book: 11 -page: 100 -species: Turdus_hauxwelli -number: 1,1,289,289,NA,NA,290,289,289,NA,289
San_Pedro,11,117,2010,Turdidae,,Turdus_hauxwelli,SP17_GAC10,NA,NA,NA,NA,13.0517,13,3,6.2,71.5277,71,31,39.6,,1277,20-Oct-10,20-Oct-10,3-Nov-10,2-Nov-10,NA,18-Nov-10,,,,16-Nov-10,27,Exitoso,,Polluelo,Copa,,82.5,84.7,17.9,54,NA,135.6,148.2,131.2,,100,NA,,NA,NA,NA,NA,NA,NA,NA,NA,NA,2,3-Nov-10,1,Marcado,0,6.01,6.4,7.3,NA,NA,33.287,30.722,20.77,Si,Si,Si,Si,,10/20/2010,NA,11/16/2010,11/3/2010,320,307,Turdus_hauxwelli_SP17_GAC10,100,Turdus,178.97,117,2010 -book: 11 -page: 117 -species: Turdus_hauxwelli -number: 1,1,293,293,307,306,NA,322,293,306,322
Pantiacolla,13,39,2012,Turdidae,,Turdus_hauxwelli,P24_DAGR12,NA,NA,NA,NA,12.6557,12,39,20.4,71.2322,71,13,56,,406,17-Nov-12,17-Nov-12,NA,NA,17-Nov-12,17-Nov-12,,,,2-Dec-12,15,Depredado_total,,Huevo,Copa,,92.5,95.4,55.5,46.4,NA,116.3,111.3,158.5,,70,109.12,,101.2,8.2,x,x,x,1,24.9,19.9,5.35,2,17-Nov-12,NA,NA,NA,NA,NA,NA,NA,NA,NA,NA,NA,No,No,Si,No,,11/17/2012,11/17/2012,12/2/2012,11/17/2012,337,322,Turdus_hauxwelli_P24_DAGR12,70,Turdus,109.12,39,2012 -book: 13 -page: 39 -species: Turdus_hauxwelli -number: 1,1,322,322,NA,NA,322,322,322,NA,322
San_Pedro,13,105,2011,Turdidae,,Turdus_hauxwelli,SP16_EJW11,NA,NA,NA,NA,x,x,x,x,x,x,x,x,,1364,18-Nov-11,18-Nov-11,19-Nov-11,19-Nov-11,NA,2-Dec-11,,,,2-Dec-11,14,Exitoso,,Polluelo,Copa,,81,100.2,40.3,62.1,NA,140.5,107.2,126.5,,150,163.39,,22.13,72.14,66.94,NA,NA,NA,NA,NA,NA,2,20-Nov-11,1,Marcado,1,7.84,11.1,8.2,x,x,32.639,29.265,19.1,Si,Si,Si,NA,,11/18/2011,NA,12/2/2011,11/20/2011,336,324,Turdus_hauxwelli_SP16_EJW11,150,Turdus,163.39,105,2011 -book: 13 -page: 105 -species: Turdus_hauxwelli -number: 1,1,322,322,323,323,NA,336,322,323,336
San_Pedro,14,16,2011,Turdidae,,Turdus_hauxwelli,SP4_REG11,NA,NA,NA,NA,13.0972,13,5,50,71.9199,71,55,11.8,,1375,3-Dec-11,2-Dec-11,30-Nov-11,2-Dec-11,NA,12-Dec-11,,,,12-Dec-11,9,Activo,,Polluelo,Copa,,x,x,x,x,NA,x,x,x,,200,NA,,x,x,x,x,x,NA,NA,NA,NA,2,3-Dec-11,1,Marked,3,14.3,13.7,17,x,NA,35.175,34.36,22.99,Si,NA,No,NA,,12/3/2011,NA,12/12/2011,12/3/2011,346,337,Turdus_hauxwelli_SP4_REG11,200,Turdus,178.97,16,2011 -book: 14 -page: 16 -species: Turdus_hauxwelli -number: 1,1,337,336,334,336,NA,346,336,334,346
San_Pedro,15,27,2012,Turdidae,,Turdus_hauxwelli,SP8_LGM12,NA,NA,NA,NA,13.0526,13,3,9.3,71.5341,71,32,2.8,,1289,11-Sep-12,11-Sep-12,NA,NA,NA,NA,,,,NA,NA,Depredado_total,,Huevo,Copa,,76.4,88.5,19.8,53.3,NA,103.4,135,110,,180,NA,,x,16.86,NA,NA,NA,1,23.8,18.4,4.24,2,11-Sep-12,NA,NA,NA,NA,NA,NA,NA,NA,NA,NA,NA,NA,NA,No,No,,9/11/2012,NA,NA,9/11/2012,NA,255,Turdus_hauxwelli_SP8_LGM12,180,Turdus,178.97,27,2012 -book: 15 -page: 27 -species: Turdus_hauxwelli -number: 1,1,255,255,NA,NA,NA,NA,255,NA,NA
Pantiacolla,15,32,2012,Turdidae,,Turdus_hauxwelli,P29_DAGR12,NA,NA,NA,NA,12.6557,12,39,20.5,71.2318,71,13,54.6,,404,29-Nov-12,29-Nov-12,NA,NA,7-Dec-12,7-Dec-12,,,,7-Dec-12,8,Depredado_total,,Huevo,Copa,,94.9,95.5,56.1,51,NA,110.5,121.2,160.7,,350,317.85,,105.55,194.06,5.18,NA,NA,1A,24.9,19.9,5.35,NA,NA,NA,NA,NA,NA,NA,NA,NA,NA,NA,NA,NA,NA,NA,NA,NA,Depredado por una marmosa,11/29/2012,12/7/2012,12/7/2012,NA,342,NA,Turdus_hauxwelli_P29_DAGR12,350,Turdus,317.85,32,2012 -book: 15 -page: 32 -species: Turdus_hauxwelli -number: 1,1,334,334,NA,NA,342,342,334,NA,342
San_Pedro,15,42,2012,Turdidae,,Turdus_hauxwelli,SP20_CAS12,NA,NA,NA,NA,13.0508,13,3,2.7,71.531,71,31,51.5,,1298,20-Sep-12,20-Sep-12,14-Sep-12,20-Sep-12,22-Sep-12,22-Sep-12,,,,28-Sep-12,8,Depredado_total,,Polluelo,Copa,,61,92.4,22.5,45,NA,110,107,91.5,,50,246.56,,219.39,17.17,NA,NA,NA,NA,NA,NA,NA,2,18-Sep-12,1,greybody,4,22.82,22.4,19,10.5,NA,NA,NA,NA,NA,No,No,No,,9/20/2012,9/22/2012,9/28/2012,9/18/2012,272,262,Turdus_hauxwelli_SP20_CAS12,50,Turdus,246.56,42,2012 -book: 15 -page: 42 -species: Turdus_hauxwelli -number: 1,1,264,264,258,264,266,266,264,258,266
San_Pedro,16,44,2012,Turdidae,,Turdus_hauxwelli,SP1_MW12,NA,NA,NA,NA,13.0505,13,3,1.7,71.5312,71,31,52.2,,1266,7-Nov-12,7-Nov-12,NA,21-Nov-12,2-Dec-12,2-Dec-12,,,,2-Dec-12,25,Exitoso,,Huevo,Copa,,95.2,83.1,31.3,44.6,NA,96.7,103.5,57.3,,200,473.38,,462.31,11.07,x,NA,x,A,25,20,5.72,2,7-Nov-12,NA,NA,NA,NA,NA,NA,NA,NA,NA,NA,NA,Si,x,x,x,,11/7/2012,12/2/2012,12/2/2012,11/7/2012,337,312,Turdus_hauxwelli_SP1_MW12,200,Turdus,473.38,44,2012 -book: 16 -page: 44 -species: Turdus_hauxwelli -number: 1,1,312,312,NA,326,337,337,312,326,337
Pantiacolla,16,142,2013,Turdidae,,Turdus_hauxwelli,P22_LGM13,NA,NA,NA,NA,12.6565,12,39,23.4,71.2313,71,13,52.7,,410,2-Oct-13,2-Oct-13,NA,NA,NA,8-Oct-13,,,,NA,NA,Abandonado,,Huevo,Copa,,78.5,95.7,14.2,43.6,NA,111.8,117.3,74.8,,NA,103.49,,96.06,7,NA,NA,NA,1,24.8,19.8,5.6,NA,NA,NA,NA,NA,NA,NA,NA,NA,NA,NA,NA,NA,NA,NA,Si,Si,,10/2/2013,NA,NA,NA,NA,NA,Turdus_hauxwelli_P22_LGM13,168.5882353,Turdus,103.49,142,2013 -book: 16 -page: 142 -species: Turdus_hauxwelli -number: 1,1,275,275,NA,NA,NA,281,275,NA,281
Pantiacolla,24,32,2014,Turdidae,,Turdus_hauxwelli,P28_RA14,NA,NA,NA,NA,12.655,12,39,18.1,71.2487,71,14,55.3,,420,2-Nov-14,2-Nov-14,NA,NA,8-Nov-14,8-Nov-14,,,,8-Nov-14,6,Depredado_total,,Huevo,Copa,,65,61,21.5,46.9,NA,99,97,71.5,,450,85.13,,85.13,NA,NA,NA,NA,1A,27.8,21.1,6.29,3,NA,NA,NA,NA,NA,NA,NA,NA,NA,NA,NA,NA,No,No,x,x,Huevo de fondo azul y manchas rufas en la base.,11/2/2014,11/8/2014,11/8/2014,NA,312,NA,Turdus_hauxwelli_P28_RA14,450,Turdus,85.13,32,2014 -book: 24 -page: 32 -species: Turdus_hauxwelli -number: 1,1,306,306,NA,NA,312,312,306,NA,312
Pantiacolla,24,121,2014,Turdidae,,Turdus_hauxwelli,P29_IGZ14,NA,NA,NA,NA,12.6544,12,39,15.7,71.2573,71,15,26.1,,510,22-Nov-14,22-Nov-14,NA,NA,29-Nov-14,29-Nov-14,,,,29-Nov-14,7,Abandonado,,Huevo,Copa,,70.9,82.5,21,34.3,NA,98.7,113.8,75.8,,100,69.35,,48.48,19.87,NA,NA,NA,1A,27.7,18.8,5.39,3,NA,NA,NA,NA,NA,NA,NA,NA,NA,NA,NA,NA,No,No,Si,Si,,11/22/2014,11/29/2014,11/29/2014,NA,333,NA,Turdus_hauxwelli_P29_IGZ14,100,Turdus,69.35,121,2014 -book: 24 -page: 121 -species: Turdus_hauxwelli -number: 1,1,326,326,NA,NA,333,333,326,NA,333
Pantiacolla,2,75,2010,Thamnophilidae,,Isleria_hauxwelli,P04_GVC10,NA,NA,NA,NA,12.6523,12,39,8.4,71.2269,71,13,36.9,,421,7-Oct-10,7-Oct-10,NA,NA,NA,11-Oct-10,,,,NA,NA,Abandonado,,Huevo,Copa,,45.2,51.3,8.8,37,NA,65.6,68.8,40.3,,30,2.7,,2.7,x,x,x,x,1,18.3,12.8,1.6,2,NA,NA,NA,NA,NA,NA,NA,NA,NA,NA,NA,NA,x,x,Si,Si,,10/7/2010,NA,NA,NA,NA,NA,Isleria_hauxwelli_P04_GVC10,30,Isleria,2.7,75,2010 -book: 2 -page: 75 -species: Isleria_hauxwelli -number: 1,1,280,280,NA,NA,NA,284,280,NA,284
Pantiacolla,3,78,2010,Thamnophilidae,,Isleria_hauxwelli,P24_JAEC10,NA,NA,NA,NA,12.6549,12,39,17.5,71.232,71,13,55.3,,427,26-Oct-10,26-Oct-10,NA,NA,5-Nov-10,6-Nov-10,,,,6-Nov-10,11,Depredado_total,,Huevo,Copa,,49.7,48.6,15.4,33.8,NA,76.8,70.2,37.7,,20,2.28,,2.28,x,x,x,x,A,19.4,12.8,1.81,2,NA,NA,NA,NA,NA,NA,NA,NA,NA,NA,NA,NA,No,No,No,No,,10/26/2010,11/5/2010,11/6/2010,NA,310,NA,Isleria_hauxwelli_P24_JAEC10,20,Isleria,2.28,78,2010 -book: 3 -page: 78 -species: Isleria_hauxwelli -number: 1,1,299,299,NA,NA,309,310,299,NA,309
Pantiacolla,7,3,2011,Thamnophilidae,,Isleria_hauxwelli,P02_JMM11,NA,NA,NA,NA,12.6493,12,38,57.6,71.2313,71,13,52.5,,386,NA,1-Sep-11,1-Sep-11,1-Sep-11,NA,10-Sep-11,,,,NA,NA,x,,Polluelo,Copa,,55,53.3,14.2,39,NA,80.7,66.9,56.7,,40,3.11,,2.21,0.9,NA,NA,NA,NA,NA,NA,NA,2,1-Sep-11,1,Derec,0,1.56,6.9,5.8,3.6,x,x,x,NA,NA,Si,Si,NA,,NA,NA,NA,9/1/2011,NA,244,Isleria_hauxwelli_P02_JMM11,40,Isleria,3.11,3,2011 -book: 7 -page: 3 -species: Isleria_hauxwelli -number: 1,1,NA,244,244,244,NA,253,244,244,253
Pantiacolla,11,126,2012,Thamnophilidae,,Isleria_hauxwelli,P03_JMGP12,NA,NA,NA,NA,12.6439,12,38,37.9,71.2329,71,13,58.6,,410,26-Sep-12,26-Sep-12,NA,NA,26-Sep-12,26-Sep-12,,,,27-Sep-12,1,Depredado_total,,Huevo,Copa,,58.4,54.2,11,37.4,NA,67.9,72.2,47.4,,30,3.3,,1.92,0.89,0.45,x,x,1,18.9,13.6,1.65,2,NA,NA,NA,NA,NA,NA,NA,NA,NA,NA,NA,NA,No,x,Si,Si,,9/26/2012,9/26/2012,9/27/2012,NA,271,NA,Isleria_hauxwelli_P03_JMGP12,30,Isleria,3.3,126,2012 -book: 11 -page: 126 -species: Isleria_hauxwelli -number: 1,1,270,270,NA,NA,270,270,270,NA,270
Pantiacolla,12,122,2012,Thamnophilidae,,Isleria_hauxwelli,P56_MASM12,NA,NA,NA,NA,12.6479,12,38,52.3,71.2399,71,14,23.6,,443,9-Oct-12,9-Oct-12,NA,NA,NA,11-Oct-12,,,,NA,NA,Abandonado,,Huevo,Copa,,55.4,54.2,7.8,32.4,NA,61.9,64.1,48.4,,20,1.87,,0.76,1.12,x,x,x,1A,20.1,13.7,2,2,NA,NA,NA,NA,NA,NA,NA,NA,NA,NA,NA,NA,x,x,Si,Si,,10/9/2012,NA,NA,NA,NA,NA,Isleria_hauxwelli_P56_MASM12,20,Isleria,1.87,122,2012 -book: 12 -page: 122 -species: Isleria_hauxwelli -number: 1,1,283,283,NA,NA,NA,285,283,NA,285
Pantiacolla,16,29,2013,Thamnophilidae,,Isleria_hauxwelli,P02_AJRC13,NA,NA,NA,NA,12.6515,12,39,5.5,71.2328,71,13,58,,400,7-Sep-13,7-Sep-13,NA,NA,NA,28-Sep-13,,,,NA,NA,x,,Huevo,Copa,,54.2,51.9,7.9,45.6,NA,54.1,57,49.7,,25,1.75,,1.07,0.63,x,NA,NA,1A,17.1,12.7,1.7,3,NA,NA,NA,NA,NA,NA,NA,NA,NA,NA,NA,NA,NA,NA,Si,NA,,9/7/2013,NA,NA,NA,NA,NA,Isleria_hauxwelli_P02_AJRC13,25,Isleria,1.75,29,2013 -book: 16 -page: 29 -species: Isleria_hauxwelli -number: 1,1,250,250,NA,NA,NA,271,250,NA,271
Pantiacolla,17,54,2013,Thamnophilidae,,Isleria_hauxwelli,P31_MASM13,NA,NA,NA,NA,12.6522,12,39,8,71.2364,71,14,11.1,,376,17-Sep-13,17-Sep-13,NA,NA,NA,NA,,,,NA,NA,Depredado_total,,Huevo,Copa,,66.9,54.5,13.8,23.7,NA,73,64.3,32.7,,35,2.35,,1.93,0.47,NA,NA,NA,1,17.8,13.7,1.7,2,NA,NA,NA,NA,NA,NA,NA,NA,NA,NA,NA,NA,No,No,Si,No,,9/17/2013,NA,NA,NA,NA,NA,Isleria_hauxwelli_P31_MASM13,35,Isleria,2.35,54,2013 -book: 17 -page: 54 -species: Isleria_hauxwelli -number: 1,1,260,260,NA,NA,NA,NA,260,NA,NA
Pantiacolla,23,25,2014,Thamnophilidae,,Isleria_hauxwelli,P02_IGZ14,NA,NA,NA,NA,12.6501,12,39,0.2,71.2456,71,14,44.1,,456,NA,27-Aug-14,3-Sep-14,3-Sep-14,NA,12-Sep-14,,,,NA,NA,x,,Polluelo,Copa,,54.5,52.8,10,37.1,NA,67.5,64,39.9,,30,NA,,x,x,x,x,x,NA,NA,NA,NA,2,4-Sep-14,1,1,1,2.35,7.5,7.6,1.6,x,x,x,NA,Si,Si,Si,No,,NA,NA,NA,9/4/2014,NA,247,Isleria_hauxwelli_P02_IGZ14,30,Isleria,2.605,25,2014 -book: 23 -page: 25 -species: Isleria_hauxwelli -number: 1,1,NA,239,246,246,NA,255,239,246,255
Pantiacolla,23,55,2014,Thamnophilidae,,Isleria_hauxwelli,P40_JSH14,NA,NA,NA,NA,12.6458,12,38,44.9,71.2381,71,14,17.3,,420,NA,24-Oct-14,NA,24-Oct-14,NA,30-Oct-14,,,,NA,NA,x,,Polluelo,Copa,,55.5,58.9,6.7,32.5,NA,70.8,61.8,38.8,,40,3.48,,x,x,x,NA,NA,NA,NA,NA,NA,2,24-Oct-14,1,U,NA,7.18,14.8,23.7,6.5,NA,35.395,34.492,26.62,Si,No,No,No,,NA,NA,NA,10/24/2014,NA,297,Isleria_hauxwelli_P40_JSH14,40,Isleria,3.48,55,2014 -book: 23 -page: 55 -species: Isleria_hauxwelli -number: 1,1,NA,297,NA,297,NA,303,297,297,303
Tono,0,65,2007,Thraupidae,,Tangara_schrankii,1T_07,NA,NA,NA,NA,12.9606,12,58,2,71.5881,71,34,83,,NA,27-Sep-07,27-Sep-07,NA,NA,27-Sep-07,27-Sep-07,,,,27-Sep-07,0,Depredado_total,,Huevo,Copa,,52.3,61,20.2,37.8,NA,79.8,66.6,40,,80,NA,,x,x,x,x,x,1,20.2,14.7,2.3,2,NA,NA,NA,NA,NA,NA,NA,NA,NA,NA,NA,NA,x,NA,x,x,,9/27/2007,9/27/2007,9/27/2007,NA,270,NA,Tangara_schrankii_1T_07,80,Tangara,9.3479,65,2007 -book: 0 -page: 65 -species: Tangara_schrankii -number: 1,1,270,270,NA,NA,270,270,270,NA,270
Pantiacolla,11,88,2012,Thraupidae,,Tangara_schrankii,P01_JAL12,NA,NA,NA,NA,12.6444,12,38,39.7,71.2343,71,14,3.5,,413,16-Aug-12,16-Aug-12,NA,NA,16-Aug-12,16-Aug-12,,,,18-Aug-12,2,Depredado_total,,Huevo,Copa,,34.8,36.8,19.6,30.9,NA,89.4,81.4,65.4,,60,NA,,x,x,x,x,x,A,19.2,14.2,2.1,1,NA,NA,NA,NA,NA,NA,NA,NA,NA,NA,NA,NA,x,NA,No,No,Al parecer el nido ya habia sido depredado cuando se encontro ,8/16/2012,8/16/2012,8/18/2012,NA,231,NA,Tangara_schrankii_P01_JAL12,60,Tangara,9.3479,88,2012 -book: 11 -page: 88 -species: Tangara_schrankii -number: 1,1,229,229,NA,NA,229,229,229,NA,229
Pantiacolla,20,1,2013,Thraupidae,,Tangara_schrankii,P02_NSTC13,NA,NA,NA,NA,12.6545,12,39,16.2,71.2318,71,13,54.6,,407,13-Sep-13,13-Sep-13,NA,NA,13-Sep-13,13-Sep-13,,,,16-Sep-13,3,Abandonado,,Huevo,Copa,,41.3,31.3,18.9,42.7,NA,70.2,68,52.8,,110,10.56,,6.45,2.68,1.43,NA,NA,A,19.2,14.5,2.69,1,NA,NA,NA,NA,NA,NA,NA,NA,NA,NA,NA,NA,No,No,Si,Si,"Rusty brown mottlings that concentrated at the broader round ends of eggs; pinkishw hite shells,Moss(0.8g); monocot leaves(0.52g); tree leaves(2.71g); dirt/epiphyte roots (2.11g), monocot leaves(2.52g); epiphyte roots (0.06g)",9/13/2013,9/13/2013,9/16/2013,NA,259,NA,Tangara_schrankii_P02_NSTC13,110,Tangara,10.56,1,2013 -book: 20 -page: 1 -species: Tangara_schrankii -number: 1,1,256,256,NA,NA,256,256,256,NA,256
Pantiacolla,22,40,2013,Thraupidae,,Tangara_schrankii,P03_WAVM13,NA,NA,NA,NA,12.6578,12,39,27.9,71.257,71,15,25.2,,484,NA,NA,NA,NA,NA,14-Dec-13,,,,NA,NA,Activo,,Huevo,Copa,,65.8,49.9,8.2,34.5,NA,98.6,81.5,59.8,,100,NA,,NA,NA,x,x,x,A,19.1,15,2.43,NA,9-Dec-13,NA,NA,NA,NA,NA,NA,NA,NA,NA,NA,NA,x,NA,NA,NA,Nido quedo activo. Huevo rosado pálido con manchas vino tinto más prominentes en la base,NA,NA,NA,12/9/2013,NA,343,Tangara_schrankii_P03_WAVM13,100,Tangara,9.3479,40,2013 -book: 22 -page: 40 -species: Tangara_schrankii -number: 1,1,NA,NA,NA,NA,NA,348,NA,NA,348
Pantiacolla,21,5,2013,Thraupidae,,Tangara_schrankii,P04_JCK13,NA,NA,NA,NA,12.6496,12,38,58.4,71.2418,71,14,30.3,,432,21-Nov-13,21-Nov-13,NA,NA,NA,29-Nov-13,,,,29-Nov-13,8,Destruido_humano,,Huevo,Copa,,49.4,44.5,21.7,33,NA,76.9,64.2,62,,300,7.61,,2.47,5.07,NA,NA,NA,A,20.8,15.3,2.5,NA,NA,NA,NA,NA,NA,NA,NA,NA,NA,NA,NA,NA,No,No,Si,Si,Pale creamw ith brown splotches and streaks concentrated more at the broader end,11/21/2013,NA,11/29/2013,NA,333,NA,Tangara_schrankii_P04_JCK13,300,Tangara,7.61,5,2013 -book: 21 -page: 5 -species: Tangara_schrankii -number: 1,1,325,325,NA,NA,NA,333,325,NA,333
Pantiacolla,21,44,2013,Thraupidae,,Tangara_schrankii,P05_JSP13,NA,NA,NA,NA,12.6478,12,38,52.1,71.2281,71,13,41.3,,401,28-Nov-13,28-Nov-13,NA,NA,NA,28-Nov-13,,,,29-Nov-13,1,Abandonado,,Huevo,Copa,,56,57.8,20.2,42.9,NA,62.1,67.8,53.3,,120,9.45,,4.04,5.26,NA,NA,NA,1,19.6,14.9,2.26,2,NA,NA,NA,NA,NA,NA,NA,NA,NA,NA,NA,NA,No,No,Si,Si,"Blanco con manchas marrones en toda la superficie, mas grandes y agregados en la base",11/28/2013,NA,11/29/2013,NA,333,NA,Tangara_schrankii_P05_JSP13,120,Tangara,9.45,44,2013 -book: 21 -page: 44 -species: Tangara_schrankii -number: 1,1,332,332,NA,NA,NA,332,332,NA,332
Pantiacolla,12,7,2012,Thraupidae,,Tangara_schrankii,P05_MASM12,NA,NA,NA,NA,12.6529,12,39,10.3,71.2305,71,13,49.9,,438,14-Aug-12,14-Aug-12,NA,NA,27-Aug-12,27-Aug-12,,,,27-Aug-12,13,Depredado_total,,Huevo,Copa,,59.2,54.2,17.8,37.8,NA,76,89.6,46.1,,190,8.09,,5.79,2.17,x,x,x,1,20.8,15.3,2.5,2,NA,NA,NA,NA,NA,NA,NA,NA,NA,NA,NA,NA,x,NA,x,x,Los polluelos eclosionaron el 23 de agosto a las 7:50 AM. El 2 de agosto habia solo un polluelo y el 27 de agosto fue depredado.,8/14/2012,8/27/2012,8/27/2012,NA,240,NA,Tangara_schrankii_P05_MASM12,190,Tangara,8.09,7,2012 -book: 12 -page: 7 -species: Tangara_schrankii -number: 1,1,227,227,NA,NA,240,240,227,NA,240
Pantiacolla,21,112,2013,Thraupidae,,Tangara_schrankii,P06_JSP13,NA,NA,NA,NA,12.652,12,39,7.2,71.2277,71,13,39.7,,408,29-Nov-13,29-Nov-13,NA,NA,1-Dec-13,5-Nov-13,,,,2-Dec-13,3,Depredado_parcial,,Huevo,Copa,,41.2,55.3,18.5,55.4,NA,61.9,78.5,76.8,,165,11.38,,4.01,3.75,NA,NA,NA,1,20.1,15,2.34,2,NA,NA,NA,NA,NA,NA,NA,NA,NA,NA,NA,NA,No,No,Si,NA,"Blanco-crema con manchas vinotinto en toda la superficie, un poco mas agregado en la base",11/29/2013,12/1/2013,12/2/2013,NA,336,NA,Tangara_schrankii_P06_JSP13,165,Tangara,11.38,112,2013 -book: 21 -page: 112 -species: Tangara_schrankii -number: 1,1,333,333,NA,NA,335,309,333,NA,309
Pantiacolla,11,143,2012,Thraupidae,,Tangara_schrankii,P06_PCGJ12,NA,NA,NA,NA,12.6529,12,39,10.3,71.2367,71,14,12.2,,450,4-Sep-12,4-Sep-12,NA,NA,4-Sep-12,4-Sep-12,,,,7-Sep-12,3,Depredado_total,,Huevo,Copa,,51.2,75.4,13.2,34.1,NA,67.5,77.2,55.1,,120,8.19,,3.79,2.88,0.64,x,x,A,21,14.8,2.45,2,NA,NA,NA,NA,NA,NA,NA,NA,NA,NA,NA,NA,No,NA,Si,Si,,9/4/2012,9/4/2012,9/7/2012,NA,251,NA,Tangara_schrankii_P06_PCGJ12,120,Tangara,8.19,143,2012 -book: 11 -page: 143 -species: Tangara_schrankii -number: 1,1,248,248,NA,NA,248,248,248,NA,248
Pantiacolla,18,59,2013,Thraupidae,,Tangara_schrankii,P07_JCC13,NA,NA,NA,NA,12.6506,12,39,2,71.2426,71,14,21.3,,446,28-Sep-13,28-Sep-13,NA,NA,7-Oct-13,7-Oct-13,,,,7-Oct-13,9,Abandonado,,Huevo,Copa,,52.4,39.2,15.8,30.8,NA,50.6,44.2,49.8,,160,12.61,,9.8,1.35,1.02,x,x,1,20.8,14.8,2.31,2,NA,NA,NA,NA,NA,NA,NA,NA,NA,NA,NA,NA,x,NA,Si,Si,,9/28/2013,10/7/2013,10/7/2013,NA,280,NA,Tangara_schrankii_P07_JCC13,160,Tangara,12.61,59,2013 -book: 18 -page: 59 -species: Tangara_schrankii -number: 1,1,271,271,NA,NA,280,280,271,NA,280
Pantiacolla,21,39,2013,Thraupidae,,Tangara_schrankii,P08_JCK13,NA,NA,NA,NA,12.6517,12,39,6,71.2264,71,13,35.1,,391,22-Nov-13,25-Nov-13,NA,NA,28-Nov-13,3-Dec-13,,,,3-Dec-13,11,Abandonado,,Huevo,Copa,,53.7,44.5,20.5,41.5,NA,102.5,74.5,77.5,,150,16.62,,6.45,10.02,NA,NA,NA,1,21.4,15.3,2.75,2,NA,NA,NA,NA,NA,NA,NA,NA,NA,NA,NA,NA,No,No,Si,Si,"Pale cream /whitew ith brown splotches and streaks, more concentrated atw ider base of eggs. Freshw hen found. ",11/22/2013,11/28/2013,12/3/2013,NA,337,NA,Tangara_schrankii_P08_JCK13,150,Tangara,16.62,39,2013 -book: 21 -page: 39 -species: Tangara_schrankii -number: 1,1,326,329,NA,NA,332,337,326,NA,332
Pantiacolla,13,43,2012,Thraupidae,,Tangara_schrankii,P08_JMGP12,NA,NA,NA,NA,12.6528,12,39,10.1,71.2307,71,13,50.6,,389,24-Oct-12,24-Oct-12,NA,6-Nov-12,24-Oct-12,19-Nov-12,,,,20-Nov-12,27,Exitoso,,Huevo,Copa,,55,50.1,14.5,35.6,NA,76.4,75,45.4,,80,13.25,,5.62,1.63,0.85,x,x,1,20,15.2,2.56,2,24-Oct-12,NA,NA,NA,NA,NA,NA,NA,NA,NA,NA,NA,No,No,Si,Si,,10/24/2012,10/24/2012,11/20/2012,10/24/2012,325,298,Tangara_schrankii_P08_JMGP12,80,Tangara,13.25,43,2012 -book: 13 -page: 43 -species: Tangara_schrankii -number: 1,1,298,298,NA,311,298,324,298,311,298
Pantiacolla,20,42,2013,Thraupidae,,Tangara_schrankii,P09_JCC13,NA,NA,NA,NA,12.6525,12,39,8.9,71.2306,71,13,50.1,,448,30-Sep-13,30-Sep-13,NA,NA,NA,4-Oct-13,,,,4-Oct-13,4,Abandonado,,Huevo,Copa,,50.3,44.8,18.5,33.2,NA,69.4,50.6,58.9,,100,13.26,,12.67,1.5,0.7,NA,NA,1,19.4,14.9,2.07,2,NA,NA,NA,NA,NA,NA,NA,NA,NA,NA,NA,NA,No,No,Si,Si,,9/30/2013,NA,10/4/2013,NA,277,NA,Tangara_schrankii_P09_JCC13,100,Tangara,13.26,42,2013 -book: 20 -page: 42 -species: Tangara_schrankii -number: 1,1,273,273,NA,NA,NA,277,273,NA,277
Pantiacolla,1,70,2010,Thraupidae,,Tangara_schrankii,P09_MAL10,NA,NA,NA,NA,12.6504,12,39,1.3,71.2393,71,14,21.5,,461,5-Oct-10,5-Oct-10,NA,NA,10-Oct-10,12-Oct-10,,,,12-Oct-10,7,Depredado_total,,Huevo,Copa,,49.2,44.6,20.4,37.9,NA,95.9,80.2,61.9,,1100,11.45,,7.1,2.4,1.3,x,x,A,20.3,15.8,2.9,2,NA,NA,NA,NA,NA,NA,NA,NA,NA,NA,NA,NA,No,No,No,Si,El nido fue encontrado con un solo huevo pero a los pocos dias se lo encontro con un segundo huevo. El nido fue depredado,10/5/2010,10/10/2010,10/12/2010,NA,285,NA,Tangara_schrankii_P09_MAL10,1100,Tangara,11.45,70,2010 -book: 1 -page: 70 -species: Tangara_schrankii -number: 1,1,278,278,NA,NA,283,285,278,NA,283
Pantiacolla,18,141,2013,Thraupidae,,Tangara_schrankii,P09_NSTC13,NA,NA,NA,NA,12.6549,12,39,17.5,71.2329,71,13,58.4,,406,11-Nov-13,11-Nov-13,NA,NA,14-Nov-13,14-Nov-13,,,,14-Nov-13,3,Depredado_total,,Huevo,Copa,,45.1,41.2,19.8,43.6,NA,81.9,105.2,51.9,,50,7.97,,4.04,2.53,1.2,x,x,1,20.6,14.7,2.71,2,NA,NA,NA,NA,NA,NA,NA,NA,NA,NA,NA,NA,x,NA,x,x,,11/11/2013,11/14/2013,11/14/2013,NA,318,NA,Tangara_schrankii_P09_NSTC13,50,Tangara,7.97,141,2013 -book: 18 -page: 141 -species: Tangara_schrankii -number: 1,1,315,315,NA,NA,318,318,315,NA,318
Pantiacolla,23,8,2014,Thraupidae,,Tangara_schrankii,P1_CAD14,NA,NA,NA,NA,12.6481,12,38,53.3,71.2275,71,13,39.1,,404,18-Aug-14,18-Aug-14,10-Aug-14,18-Aug-14,21-Aug-14,22-Aug-14,,,,22-Aug-14,4,Depredado_total,,Polluelo,Copa,,x,50.5,11.4,35.9,NA,113.5,72.4,65.5,,150,6.59,,4.19,1.77,0.62,NA,NA,NA,NA,NA,NA,2,18-Aug-14,1,1,8,12.16,16.1,28.5,x,2.5,x,x,NA,Si,No,Si,No,"from Juli Cañones de primarias estallando, Ojos abiertos, Muy activos,",8/18/2014,8/21/2014,8/22/2014,8/18/2014,234,230,Tangara_schrankii_P1_CAD14,150,Tangara,6.59,8,2014 -book: 23 -page: 8 -species: Tangara_schrankii -number: 1,1,230,230,222,230,233,234,230,222,233
Pantiacolla,5,38,2011,Thraupidae,,Tangara_schrankii,P1_EMJ11,NA,NA,NA,NA,13.0768,12,64,36.6,71.3935,71,23,36.6,,401,4-Sep-11,4-Sep-11,25-Aug-11,4-Sep-11,6-Sep-11,6-Sep-11,,,,6-Sep-11,2,Exitoso,,Polluelo,Copa,,35.5,34.1,10.9,x,NA,x,x,50,,150,NA,,x,x,x,x,x,NA,NA,NA,NA,2,4-Sep-11,1,Un-M,10,12.6,18.2,33.9,x,6.3,x,x,NA,x,NA,Si,No,,9/4/2011,9/6/2011,9/6/2011,9/4/2011,249,247,Tangara_schrankii_P1_EMJ11,150,Tangara,9.3479,38,2011 -book: 5 -page: 38 -species: Tangara_schrankii -number: 1,1,247,247,237,247,249,249,247,237,249
Pantiacolla,5,36,2011,Thraupidae,,Tangara_schrankii,P1_JPV11,NA,NA,NA,NA,12.6486,12,38,55,71.2188,71,13,7.5,,406,31-Aug-11,31-Aug-11,NA,NA,10-Sep-11,10-Sep-11,,,,10-Sep-11,10,Depredado_total,,Huevo,Copa,,53.8,53.5,26.5,41.2,NA,88.5,89.7,62.4,,150,8.06,,5.92,2.1,x,x,x,1A,20.1,15.8,2.63,2,NA,NA,NA,NA,NA,NA,NA,NA,NA,NA,NA,NA,x,NA,Si,Si,,8/31/2011,9/10/2011,9/10/2011,NA,253,NA,Tangara_schrankii_P1_JPV11,150,Tangara,8.06,36,2011 -book: 5 -page: 36 -species: Tangara_schrankii -number: 1,1,243,243,NA,NA,253,253,243,NA,253
Pantiacolla,13,91,2012,Thraupidae,,Tangara_schrankii,P10_JMGP12,NA,NA,NA,NA,12.6498,12,38,59.4,71.2323,71,13,56.1,,410,29-Oct-12,29-Oct-12,NA,9-Nov-12,29-Oct-12,12-Nov-12,,,,12-Nov-12,14,Depredado_total,,Huevo,Copa,,65,57.4,8.1,27.5,NA,77.1,66.4,36.1,,30,5.13,,2.4,1.33,1.33,NA,NA,1,20.1,14.6,2.36,2,29-Oct-12,NA,NA,NA,NA,NA,NA,NA,NA,NA,NA,NA,Si,No,Si,Si,,10/29/2012,10/29/2012,11/12/2012,10/29/2012,317,303,Tangara_schrankii_P10_JMGP12,30,Tangara,5.13,91,2012 -book: 13 -page: 91 -species: Tangara_schrankii -number: 1,1,303,303,NA,314,303,317,303,314,303
Pantiacolla,20,92,2013,Thraupidae,,Tangara_schrankii,P10_NSTC13,NA,NA,NA,NA,12.6545,12,39,16.2,71.2318,71,13,54.6,,407,12-Nov-13,12-Nov-13,NA,NA,29-Nov-13,29-Nov-13,,,,29-Nov-13,17,Depredado_total,,Huevo,Copa,,50.2,54,19.5,34.7,NA,64.1,69.6,42.6,,120,7.2,,4.02,2.66,0.98,NA,NA,A,21.3,15,2.82,2,11-Nov-13,NA,NA,NA,NA,NA,NA,NA,NA,NA,NA,NA,No,No,Si,Si,,11/12/2013,11/29/2013,11/29/2013,11/11/2013,333,315,Tangara_schrankii_P10_NSTC13,120,Tangara,7.2,92,2013 -book: 20 -page: 92 -species: Tangara_schrankii -number: 1,1,316,316,NA,NA,333,333,316,NA,333
Pantiacolla,8,105,2011,Thraupidae,,Tangara_schrankii,P10_RVA11,NA,NA,NA,NA,12.6438,12,38,37.8,71.2401,71,14,24.4,,423,4-Oct-11,6-Oct-11,NA,NA,9-Oct-11,13-Oct-11,,,,13-Oct-11,9,Abandonado,,Huevo,Copa,,55.1,67,11.7,43,NA,67.8,74.5,72.1,,140,10.63,,3.15,2.55,1.65,0.6,NA,A,20.2,14.8,2.35,2,NA,NA,NA,NA,NA,NA,NA,NA,NA,NA,NA,NA,No,NA,Si,Si,,10/4/2011,10/9/2011,10/13/2011,NA,286,NA,Tangara_schrankii_P10_RVA11,140,Tangara,10.63,105,2011 -book: 8 -page: 105 -species: Tangara_schrankii -number: 1,1,277,279,NA,NA,282,286,277,NA,282
Pantiacolla,6,62,2011,Thraupidae,,Tangara_schrankii,P10_SWF11,NA,NA,NA,NA,12.6552,12,39,18.6,71.2323,71,13,56.1,,427,23-Oct-11,25-Oct-11,NA,NA,12-Nov-11,12-Nov-11,,,,14-Nov-11,22,Depredado_total,,Huevo,Copa,,52.5,49.3,24.3,42.9,NA,74.5,79.5,49.5,,NA,10.4,,5.3,5,NA,NA,NA,A,20.8,18.4,2.82,1,NA,NA,NA,NA,NA,NA,NA,NA,NA,NA,NA,NA,No,NA,Si,No,,10/23/2011,11/12/2011,11/14/2011,NA,318,NA,Tangara_schrankii_P10_SWF11,142.4112903,Tangara,10.4,62,2011 -book: 6 -page: 62 -species: Tangara_schrankii -number: 1,1,296,298,NA,NA,316,316,296,NA,316
Pantiacolla,10,11,2011,Thraupidae,,Tangara_schrankii,P11_JAB11,NA,NA,NA,NA,12.651,12,39,3.7,71.2313,71,13,52.6,,421,22-Nov-11,22-Nov-11,NA,NA,NA,22-Nov-11,,,,22-Nov-11,0,Depredado_total,,Huevo,Copa,,48,43.4,30.3,27,NA,92.6,80.4,36.3,,100,6.93,,6.01,0.92,NA,NA,NA,1,21.3,14.8,2.65,2,NA,NA,NA,NA,NA,NA,NA,NA,NA,NA,NA,NA,No,NA,No,No,,11/22/2011,NA,11/22/2011,NA,326,NA,Tangara_schrankii_P11_JAB11,100,Tangara,6.93,11,2011 -book: 10 -page: 11 -species: Tangara_schrankii -number: 1,1,326,326,NA,NA,NA,326,326,NA,326
Pantiacolla,24,19,2014,Thraupidae,,Tangara_schrankii,P11_MGD14,NA,NA,NA,NA,12.6489,12,38,56.2,71.2323,71,13,56.4,,396,25-Oct-14,25-Oct-14,NA,NA,NA,26-Oct-14,,,,26-Oct-14,1,Depredado_total,,Huevo,Copa,,x,x,x,x,NA,x,x,x,,150,NA,,NA,NA,NA,NA,NA,1,20.2,13.6,1.91,2,NA,NA,NA,NA,NA,NA,NA,NA,NA,NA,NA,NA,No,No,Si,Si,white speckled dark brown,10/25/2014,NA,10/26/2014,NA,299,NA,Tangara_schrankii_P11_MGD14,150,Tangara,9.3479,19,2014 -book: 24 -page: 19 -species: Tangara_schrankii -number: 1,1,298,298,NA,NA,NA,299,298,NA,299
Pantiacolla,13,70,2012,Thraupidae,,Tangara_schrankii,P12_PCGJ12,NA,NA,NA,NA,12.6522,12,39,8,71.2307,71,13,50.6,,426,6-Oct-12,6-Oct-12,NA,NA,6-Oct-12,6-Oct-12,,,,7-Oct-12,1,Depredado_total,,Huevo,Copa,,44.6,57.2,12,48.5,NA,64.6,76.5,50.9,,110,7.93,,3.59,3.33,0.57,NA,NA,A,22,15.3,2.6,NA,6-Oct-12,NA,NA,NA,NA,NA,NA,NA,NA,NA,NA,NA,NA,NA,Si,Si,,10/6/2012,10/6/2012,10/7/2012,10/6/2012,281,280,Tangara_schrankii_P12_PCGJ12,110,Tangara,7.93,70,2012 -book: 13 -page: 70 -species: Tangara_schrankii -number: 1,1,280,280,NA,NA,280,280,280,NA,280
Pantiacolla,24,27,2014,Thraupidae,,Tangara_schrankii,P13_CAD14,NA,NA,NA,NA,12.6509,12,39,3.3,71.2263,71,13,34.7,,421,15-Nov-14,15-Nov-14,NA,NA,NA,22-Nov-14,,,,21-Nov-14,6,Depredado_total,,Huevo,Copa,,x,x,x,x,NA,x,x,x,,NA,NA,,NA,NA,NA,NA,NA,1A,20.7,15.5,2.66,2,17-Nov-14,NA,NA,NA,NA,NA,NA,NA,NA,NA,NA,NA,No,No,No,No,Cream withbrown speckling at wide end,11/15/2014,NA,11/21/2014,11/17/2014,325,321,Tangara_schrankii_P13_CAD14,142.4112903,Tangara,9.3479,27,2014 -book: 24 -page: 27 -species: Tangara_schrankii -number: 1,1,319,319,NA,NA,NA,326,319,NA,326
Pantiacolla,11,102,2012,Thraupidae,,Tangara_schrankii,P13_DAGR12,NA,NA,NA,NA,12.6496,12,38,58.7,71.2277,71,13,39.6,,396,22-Oct-12,22-Oct-12,NA,NA,22-Oct-12,22-Oct-12,,,,27-Oct-12,5,Depredado_total,,Huevo,Copa,,53.8,53.4,19,45,NA,107.6,78.3,75.9,,150,9.06,,7.17,0.58,0.84,x,x,1,21.5,15.9,2.77,2,NA,NA,NA,NA,NA,NA,NA,NA,NA,NA,NA,NA,x,NA,Si,x,,10/22/2012,10/22/2012,10/27/2012,NA,301,NA,Tangara_schrankii_P13_DAGR12,150,Tangara,9.06,102,2012 -book: 11 -page: 102 -species: Tangara_schrankii -number: 1,1,296,296,NA,NA,296,296,296,NA,296
Pantiacolla,10,14,2011,Thraupidae,,Tangara_schrankii,P13_JAB11,NA,NA,NA,NA,12.6486,12,38,54.8,71.2415,71,14,29.3,,435,22-Nov-11,22-Nov-11,NA,NA,NA,23-Nov-11,,,,23-Nov-11,1,Depredado_total,,Huevo,Copa,,64,59,17,37.8,NA,92.8,92.1,47.7,,150,8.92,,7.58,1.34,NA,NA,NA,1,25.4,18.4,4.22,2,NA,NA,NA,NA,NA,NA,NA,NA,NA,NA,NA,NA,No,NA,No,No,,11/22/2011,NA,11/23/2011,NA,327,NA,Tangara_schrankii_P13_JAB11,150,Tangara,8.92,14,2011 -book: 10 -page: 14 -species: Tangara_schrankii -number: 1,1,326,326,NA,NA,NA,327,326,NA,327
Pantiacolla,13,72,2012,Thraupidae,,Tangara_schrankii,P13_PCGJ12,NA,NA,NA,NA,12.6719,12,39,67,71.2481,71,14,59,,391,10-Oct-12,10-Oct-12,NA,NA,10-Oct-12,10-Oct-12,,,,13-Oct-12,3,Depredado_total,,Huevo,Copa,,54.1,52,16.1,41.7,NA,74.9,84.5,62.8,,160,9.8,,1.46,4.43,0.58,NA,NA,1A,20.6,15.7,2.7,2,10-Oct-12,NA,NA,NA,NA,NA,NA,NA,NA,NA,NA,NA,NA,NA,Si,Si,,10/10/2012,10/10/2012,10/13/2012,10/10/2012,287,284,Tangara_schrankii_P13_PCGJ12,160,Tangara,9.8,72,2012 -book: 13 -page: 72 -species: Tangara_schrankii -number: 1,1,284,284,NA,NA,284,284,284,NA,284
Pantiacolla,8,114,2011,Thraupidae,,Tangara_schrankii,P13_RVA11,NA,NA,NA,NA,12.6438,12,38,37.8,71.2401,71,14,24.4,,423,12-Oct-11,12-Oct-11,28-Oct-11,28-Oct-11,4-Nov-11,4-Nov-11,,,,4-Nov-11,23,Depredado_total,,Polluelo,Copa,,87.5,72.5,15.1,44.6,NA,87.5,57.5,87.9,,140,10.63,,3.76,2.94,1.67,0.89,NA,NA,21.3,15,2.82,2,28-Oct-11,1,Marked,0,3.1,6.6,6.9,x,x,31.59,31.15,26.3,Si,No,Si,Si,,10/12/2011,11/4/2011,11/4/2011,10/28/2011,308,301,Tangara_schrankii_P13_RVA11,140,Tangara,10.63,114,2011 -book: 8 -page: 114 -species: Tangara_schrankii -number: 1,1,285,285,301,301,308,308,285,301,308
Pantiacolla,6,67,2011,Thraupidae,,Tangara_schrankii,P13'SWF11,NA,NA,NA,NA,12.6541,12,39,14.9,71.2327,71,13,57.6,,426,31-Oct-11,31-Oct-11,NA,NA,NA,6-Nov-11,,,,6-Nov-11,6,Depredado_total,,Huevo,Copa,,45,50.9,18.2,37,NA,60.2,77.4,50.7,,30,9.7,,6.12,3.65,NA,NA,NA,1,19.9,15.7,2.63,2,NA,NA,NA,NA,NA,NA,NA,NA,NA,NA,NA,NA,No,NA,No,No,,10/31/2011,NA,11/6/2011,NA,310,NA,Tangara_schrankii_P13'SWF11,30,Tangara,9.7,67,2011 -book: 6 -page: 67 -species: Tangara_schrankii -number: 1,1,304,304,NA,NA,NA,310,304,NA,310
Pantiacolla,2,66,2010,Thraupidae,,Tangara_schrankii,P14_JAG10,NA,NA,NA,NA,12.6434,12,38,36.3,71.2381,71,14,17.1,,419,20-Oct-10,20-Oct-10,NA,NA,NA,28-Oct-10,,,,29-Oct-10,9,Abandonado,,Polluelo,Copa,,52.1,54.5,19.1,31,NA,73.5,82,58.5,,50,5.7,,2.7,1.9,0.4,x,x,NA,20.1,14.6,2.36,2,29-Oct-10,1,Nada,NA,2.91,8,6,x,x,x,x,NA,x,NA,Si,Si,,10/20/2010,NA,10/29/2010,10/29/2010,302,302,Tangara_schrankii_P14_JAG10,50,Tangara,5.7,66,2010 -book: 2 -page: 66 -species: Tangara_schrankii -number: 1,1,293,293,NA,NA,NA,301,293,NA,301
Pantiacolla,9,2,2011,Thraupidae,,Tangara_schrankii,P14_SWF11,NA,NA,NA,NA,12.641,12,38,27.5,71.2352,71,14,6.6,,419,NA,4-Nov-11,NA,NA,NA,10-Nov-11,,,,NA,NA,x,,Huevo,Copa,,x,x,x,x,NA,x,x,x,,30,NA,,x,x,x,NA,x,1A,19.7,14.5,2.26,2,NA,NA,NA,NA,NA,NA,NA,NA,NA,NA,NA,NA,No,NA,Si,No,,NA,NA,NA,NA,NA,NA,Tangara_schrankii_P14_SWF11,30,Tangara,9.3479,2,2011 -book: 9 -page: 2 -species: Tangara_schrankii -number: 1,1,NA,308,NA,NA,NA,314,308,NA,314
Pantiacolla,12,30,2012,Thraupidae,,Tangara_schrankii,P15_MASM12,NA,NA,NA,NA,x,x,x,x,x,x,x,x,,NA,23-Aug-12,23-Aug-12,NA,NA,24-Aug-12,24-Aug-12,,,,24-Aug-12,1,Abandonado,,Huevo,Copa,,54.8,48.1,19.1,40.7,NA,74.6,81,34.4,,140,6.34,,3.55,2.79,x,x,x,A,21.4,15.4,2.35,2,NA,NA,NA,NA,NA,NA,NA,NA,NA,NA,NA,NA,x,NA,x,Si,,8/23/2012,8/24/2012,8/24/2012,NA,237,NA,Tangara_schrankii_P15_MASM12,140,Tangara,6.34,30,2012 -book: 12 -page: 30 -species: Tangara_schrankii -number: 1,1,236,236,NA,NA,237,237,236,NA,237
Pantiacolla,24,128,2014,Thraupidae,,Tangara_schrankii,P15_MGD14,NA,NA,NA,NA,12.6478,12,38,52.2,71.2314,71,13,53,,401,24-Nov-14,24-Nov-14,25-Nov-14,28-Nov-14,NA,10-Dec-14,,,,10-Dec-14,16,Exitoso,,Polluelo,Copa,,51.7,50.2,16.7,27.8,NA,99.5,75.9,49.6,,150,12.07,,9.88,1.55,NA,NA,NA,NA,NA,NA,NA,2,29-Nov-14,1,1,4,7.21,11.4,12.4,x,x,38.004,37.223,26.09,Si,Si,Si,x,Very active. grey down. Wing pins visible.,11/24/2014,NA,12/10/2014,11/29/2014,344,333,Tangara_schrankii_P15_MGD14,150,Tangara,12.07,128,2014 -book: 24 -page: 128 -species: Tangara_schrankii -number: 1,1,328,328,329,332,NA,344,328,329,344
Pantiacolla,21,115,2013,Thraupidae,,Tangara_schrankii,P15_PEP13,NA,NA,NA,NA,12.6543,12,39,15.4,71.2319,71,13,55,,366,23-Nov-13,23-Nov-13,NA,NA,NA,9-Dec-13,,,,9-Dec-13,16,Depredado_total,,Huevo,Copa,,52.8,50.5,19.9,39.9,NA,73.3,87.4,57.8,,30,23.55,,12.84,10.71,NA,NA,NA,1,19.8,15.5,2.68,2,23-Nov-13,NA,NA,NA,NA,NA,NA,NA,NA,NA,NA,NA,No,No,Si,Si,whitew  ith burgundy mottling  all over,11/23/2013,NA,12/9/2013,11/23/2013,343,327,Tangara_schrankii_P15_PEP13,30,Tangara,23.55,115,2013 -book: 21 -page: 115 -species: Tangara_schrankii -number: 1,1,327,327,NA,NA,NA,343,327,NA,343
Pantiacolla,7,112,2011,Thraupidae,,Tangara_schrankii,P16_JMM11,NA,NA,NA,NA,12.6483,12,38,54,71.2281,71,13,41.2,,410,6-Oct-11,6-Oct-11,3-Oct-11,6-Oct-11,15-Oct-11,16-Oct-11,,,,15-Oct-11,9,Exitoso,,Polluelo,Copa,,52.4,48.6,20.3,55.9,NA,79.6,86.4,64.8,,200,6.25,,3.04,2.25,0.73,NA,NA,NA,21.3,15.3,2.6,2,6-Oct-11,1,Pa,3,5.15,8.2,9,5.1,x,x,x,NA,Si,NA,Si,NA,,10/6/2011,10/15/2011,10/15/2011,10/6/2011,288,279,Tangara_schrankii_P16_JMM11,200,Tangara,6.25,112,2011 -book: 7 -page: 112 -species: Tangara_schrankii -number: 1,1,279,279,276,279,288,289,279,276,288
Pantiacolla,21,47,2013,Thraupidae,,Tangara_schrankii,P16_NSTC13,NA,NA,NA,NA,12.6534,12,39,12.3,71.2349,71,14,5.5,,395,2-Dec-13,2-Dec-13,NA,NA,NA,5-Dec-13,,,,5-Dec-13,3,Abandonado,,Huevo,Copa,,79.8,54.1,18.1,43.1,NA,32.2,38,49.8,,65,15.91,,7.98,6.65,NA,NA,NA,1,20.3,15.1,2.4,2,NA,NA,NA,NA,NA,NA,NA,NA,NA,NA,NA,NA,No,No,Si,Si,Rusty brown mottlings that concentrated at the broader round ends of eggs; pinkishw hite shells,12/2/2013,NA,12/5/2013,NA,339,NA,Tangara_schrankii_P16_NSTC13,65,Tangara,15.91,47,2013 -book: 21 -page: 47 -species: Tangara_schrankii -number: 1,1,336,336,NA,NA,NA,339,336,NA,339
Pantiacolla,23,151,2014,Thraupidae,,Tangara_schrankii,P17_IGZ14,NA,NA,NA,NA,12.6476,12,38,51.5,71.2296,71,13,46.4,,424,23-Sep-14,1-Oct-14,NA,15-Oct-14,17-Oct-14,17-Oct-14,,,,18-Oct-14,25,Depredado_total,,Huevo,Copa,,58,60.5,20,29.4,NA,66.4,73,61.3,,170,5.79,,4.92,0.64,NA,NA,NA,1A,20,14.5,2.48,2,1-Oct-14,NA,NA,NA,NA,NA,NA,NA,NA,NA,NA,NA,Si,No,No,No,,9/23/2014,10/17/2014,10/18/2014,10/1/2014,291,274,Tangara_schrankii_P17_IGZ14,170,Tangara,5.79,151,2014 -book: 23 -page: 151 -species: Tangara_schrankii -number: 1,1,266,274,NA,288,290,290,266,288,290
Pantiacolla,1,140,2010,Thraupidae,,Tangara_schrankii,P17_MAL10,NA,NA,NA,NA,12.6512,12,39,4.3,71.2389,71,14,20,,429,22-Oct-10,22-Oct-10,NA,NA,27-Oct-10,27-Oct-10,,,,27-Oct-10,5,Depredado_total,,Huevo,Copa,,55.1,56,13.6,37.2,NA,71,65.7,42.5,,40,6.85,,3.3,2.1,1,x,x,1A,20.4,14.7,2.6,2,NA,NA,NA,NA,NA,NA,NA,NA,NA,NA,NA,NA,No,No,No,No,,10/22/2010,10/27/2010,10/27/2010,NA,300,NA,Tangara_schrankii_P17_MAL10,40,Tangara,6.85,140,2010 -book: 1 -page: 140 -species: Tangara_schrankii -number: 1,1,295,295,NA,NA,300,300,295,NA,300
Pantiacolla,2,20,2010,Thraupidae,,Tangara_schrankii,P17_SCP10,NA,NA,NA,NA,12.6472,12,38,50,71.2336,71,14,1.1,,406,22-Oct-10,22-Oct-10,NA,NA,24-Oct-10,24-Oct-10,,,,24-Oct-10,2,Depredado_parcial,,Huevo,Copa,,50.4,35.7,13,43.4,NA,67.1,78,59.2,,200,8.6,,0.9,3.3,4.1,x,x,1A,19.4,14.5,2.12,NA,NA,NA,NA,NA,NA,NA,NA,NA,NA,NA,NA,NA,x,NA,No,No,Encontrado a la orilla de una quebrada. No hay datos de incubación ni fotografías,10/22/2010,10/24/2010,10/24/2010,NA,297,NA,Tangara_schrankii_P17_SCP10,200,Tangara,8.6,20,2010 -book: 2 -page: 20 -species: Tangara_schrankii -number: 1,1,295,295,NA,NA,297,297,295,NA,297
Pantiacolla,6,16,2011,Thraupidae,,Tangara_schrankii,P18_JPV11,NA,NA,NA,NA,12.6483,12,38,53.7,71.234,71,14,2.3,,418,3-Oct-11,3-Oct-11,NA,NA,8-Oct-11,6-Oct-11,,,,10-Oct-11,7,Abandonado,,Huevo,Copa,,43.8,53.7,16.8,45,NA,88,80.4,45.1,,210,11.66,,10.33,1.16,NA,NA,NA,1,21.4,15.7,2.96,2,NA,NA,NA,NA,NA,NA,NA,NA,NA,NA,NA,NA,No,NA,Si,Si,,10/3/2011,10/8/2011,10/10/2011,NA,283,NA,Tangara_schrankii_P18_JPV11,210,Tangara,11.66,16,2011 -book: 6 -page: 16 -species: Tangara_schrankii -number: 1,1,276,276,NA,NA,281,279,276,NA,279
Pantiacolla,8,132,2011,Thraupidae,,Tangara_schrankii,P18_RVA11,NA,NA,NA,NA,12.6438,12,38,37.8,71.2408,71,14,27,,386,18-Oct-11,18-Oct-11,NA,NA,18-Oct-11,18-Oct-11,,,,18-Oct-11,0,Depredado_total,,Huevo,Copa,,61.1,48.7,11.9,41.8,NA,84.5,66.8,54.1,,100,5.95,,2.65,1.95,0.8,x,x,1A,22.2,15,2.7,2,NA,NA,NA,NA,NA,NA,NA,NA,NA,NA,NA,NA,No,NA,No,Si,,10/18/2011,10/18/2011,10/18/2011,NA,291,NA,Tangara_schrankii_P18_RVA11,100,Tangara,5.95,132,2011 -book: 8 -page: 132 -species: Tangara_schrankii -number: 1,1,291,291,NA,NA,291,291,291,NA,291
Pantiacolla,9,70,2011,Thraupidae,,Tangara_schrankii,P18_SWF11,NA,NA,NA,NA,12.6521,12,39,7.5,71.2309,71,13,51.3,,414,2-Dec-11,2-Dec-11,2-Dec-11,3-Dec-11,9-Dec-11,10-Dec-11,,,,10-Dec-11,8,Depredado_total,,Polluelo,Copa,,55,55,12.5,36,NA,73.7,67.3,53.9,,50,9.13,,8.24,0.7,NA,NA,NA,NA,NA,NA,NA,2,3-Dec-11,1,M,1,2.81,6.4,7.2,x,x,27.579,27.776,23.5,Si,No,Si,No,,12/2/2011,12/9/2011,12/10/2011,12/3/2011,344,337,Tangara_schrankii_P18_SWF11,50,Tangara,9.13,70,2011 -book: 9 -page: 70 -species: Tangara_schrankii -number: 1,1,336,336,336,337,343,344,336,336,343
Pantiacolla,11,112,2012,Thraupidae,,Tangara_schrankii,P19_DAGR12,NA,NA,NA,NA,12.6526,12,39,9.4,71.227,71,13,37.2,,398,28-Oct-12,28-Oct-12,NA,NA,28-Oct-12,28-Oct-12,,,,29-Oct-12,1,Depredado_total,,Huevo,Copa,,51.4,49.1,37.9,53.6,NA,80.7,78.5,70.4,,80,10.55,,6.39,3.06,0.53,x,x,1A,19.7,15.9,2.61,1,NA,NA,NA,NA,NA,NA,NA,NA,NA,NA,NA,NA,x,NA,Si,x,,10/28/2012,10/28/2012,10/29/2012,NA,303,NA,Tangara_schrankii_P19_DAGR12,80,Tangara,10.55,112,2012 -book: 11 -page: 112 -species: Tangara_schrankii -number: 1,1,302,302,NA,NA,302,302,302,NA,302
Pantiacolla,2,110,2010,Thraupidae,,Tangara_schrankii,P19_GVC10,NA,NA,NA,NA,12.6554,12,39,19.4,71.2569,71,15,24.7,,490,30-Oct-10,30-Oct-10,NA,NA,NA,30-Oct-10,,,,3-Dec-10,34,Abandonado,,Huevo,Copa,,52.9,47.9,28.3,38.2,NA,71.9,104.6,47.3,,NA,NA,,x,x,x,x,x,1A,19.9,15.3,2.65,2,NA,NA,NA,NA,NA,NA,NA,NA,NA,NA,NA,NA,x,NA,Si,x,,10/30/2010,NA,12/3/2010,NA,337,NA,Tangara_schrankii_P19_GVC10,142.4112903,Tangara,9.3479,110,2010 -book: 2 -page: 110 -species: Tangara_schrankii -number: 1,1,303,303,NA,NA,NA,303,303,NA,303
Pantiacolla,1,88,2010,Thraupidae,,Tangara_schrankii,P19_JAEC10,NA,NA,NA,NA,12.6549,12,39,17.7,72.5646,71,93,52.6,,415,21-Oct-10,21-Oct-10,NA,NA,NA,8-Oct-10,,,,8-Nov-10,18,Depredado_total,,Huevo,Copa,,54.4,52.5,19,44.5,NA,85.3,109.3,154.3,,NA,14.85,,9.25,2.75,1.1,x,x,A,20.3,15.3,2.6,2,NA,NA,NA,NA,NA,NA,NA,NA,NA,NA,NA,NA,No,No,No,Si,,10/21/2010,NA,11/8/2010,NA,312,NA,Tangara_schrankii_P19_JAEC10,142.4112903,Tangara,14.85,88,2010 -book: 1 -page: 88 -species: Tangara_schrankii -number: 1,1,294,294,NA,NA,NA,281,294,NA,281
Pantiacolla,7,117,2011,Thraupidae,,Tangara_schrankii,P19_JMM11,NA,NA,NA,NA,12.6527,12,39,9.8,71.2308,71,13,51,,419,15-Oct-11,15-Oct-11,22-Oct-11,23-Oct-11,25-Oct-11,25-Oct-11,,,,25-Oct-11,10,Depredado_total,,Polluelo,Copa,,56.1,52.1,3.8,43.5,NA,78.3,79.1,53.5,,110,5.61,,1.3,3.24,0.68,NA,NA,NA,20,14.7,2.21,2,24-Oct-11,1,Gabo,2,4.2,7.3,9.2,4,x,x,x,NA,Si,No,Si,No,,10/15/2011,10/25/2011,10/25/2011,10/24/2011,298,297,Tangara_schrankii_P19_JMM11,110,Tangara,5.61,117,2011 -book: 7 -page: 117 -species: Tangara_schrankii -number: 1,1,288,288,295,296,298,298,288,295,298
Pantiacolla,18,50,2013,Thraupidae,,Tangara_schrankii,P19_WAVM13,NA,NA,NA,NA,12.6491,12,38,56.6,71.2302,71,13,48.6,,421,12-Oct-13,12-Oct-13,NA,NA,NA,12-Oct-13,,,,13-Oct-13,1,Abandonado,,Huevo,Copa,,56.6,57.3,15.2,48.2,NA,73.6,78.2,50.1,,80,7.45,,1.16,4.24,1.51,0.72,x,1,22.3,15.5,2.72,NA,NA,NA,NA,NA,NA,NA,NA,NA,NA,NA,NA,NA,x,NA,x,x,Huevos color rosado-púrpura pálido con punteaduras y manchas moradas,10/12/2013,NA,10/13/2013,NA,286,NA,Tangara_schrankii_P19_WAVM13,80,Tangara,7.45,50,2013 -book: 18 -page: 50 -species: Tangara_schrankii -number: 1,1,285,285,NA,NA,NA,285,285,NA,285
Pantiacolla,23,73,2014,Thraupidae,,Tangara_schrankii,P2_RA14,NA,NA,NA,NA,12.6523,12,39,8.1,71.2389,71,14,20.2,,409,15-Aug-14,15-Aug-14,NA,28-Aug-14,10-Sep-14,10-Sep-14,,,,10-Sep-14,26,Exitoso,,Huevo,Copa,,40.6,39.5,22.5,38.9,NA,82.5,75,45.7,,400,11.91,,5.3,4.7,1.9,NA,NA,1A,19.7,14.6,2.07,2,15-Aug-14,NA,NA,NA,NA,NA,NA,NA,NA,NA,NA,NA,Si,Si,No,No,"Huevo blanco con manchas rojo oscuro concentradas en la base,",8/15/2014,9/10/2014,9/10/2014,8/15/2014,253,227,Tangara_schrankii_P2_RA14,400,Tangara,11.91,73,2014 -book: 23 -page: 73 -species: Tangara_schrankii -number: 1,1,227,227,NA,240,253,253,227,240,253
Pantiacolla,1,6,2010,Thraupidae,,Tangara_schrankii,P2_SAG10,NA,NA,NA,NA,12.6554,12,39,19.4,71.2569,71,15,24.7,,490,5-Oct-10,5-Oct-10,NA,NA,6-Oct-10,9-Oct-10,,,,9-Oct-10,4,Depredado_parcial,,Huevo,Copa,,54.4,47.8,13.9,37.7,NA,73.5,73.5,59,,140,6.55,,0.95,1.4,0.4,x,x,A,19.8,15.5,2.26,1,NA,NA,NA,NA,NA,NA,NA,NA,NA,NA,NA,NA,x,NA,x,Si,El nido se cree que fue o parcialmente depredado o abandonado sin depredacion en la etapa de puesta,10/5/2010,10/6/2010,10/9/2010,NA,282,NA,Tangara_schrankii_P2_SAG10,140,Tangara,6.55,6,2010 -book: 1 -page: 6 -species: Tangara_schrankii -number: 1,1,278,278,NA,NA,279,282,278,NA,279
Pantiacolla,9,69,2011,Thraupidae,,Tangara_schrankii,P20'SWF11,NA,NA,NA,NA,12.6523,12,39,8.3,71.2291,71,13,44.9,,412,8-Dec-11,8-Dec-11,NA,NA,NA,10-Dec-11,,,,10-Dec-11,2,Depredado_total,,Huevo,Copa,,56,56,16.9,40.1,NA,87.2,76.9,50.8,,30,NA,,x,x,x,NA,NA,1A,19.9,14.8,2.21,2,NA,NA,NA,NA,NA,NA,NA,NA,NA,NA,NA,NA,No,NA,No,No,,12/8/2011,NA,12/10/2011,NA,344,NA,Tangara_schrankii_P20'SWF11,30,Tangara,9.3479,69,2011 -book: 9 -page: 69 -species: Tangara_schrankii -number: 1,1,342,342,NA,NA,NA,344,342,NA,344
Pantiacolla,13,13,2012,Thraupidae,,Tangara_schrankii,P21_DAGR12,NA,NA,NA,NA,12.6521,12,39,7.4,71.2306,71,13,50.3,,417,1-Nov-12,1-Nov-12,NA,10-Nov-12,1-Nov-12,20-Nov-12,,,,20-Nov-12,19,Exitoso,,Huevo,Copa,,75.8,69.9,31.8,44.2,NA,54.8,55.4,67.9,,170,9.32,,7.21,0.86,1.23,x,x,1,21.9,14.8,1.95,2,1-Nov-12,NA,NA,NA,NA,NA,NA,NA,NA,NA,NA,NA,Si,Si,Si,x,,11/1/2012,11/1/2012,11/20/2012,11/1/2012,325,306,Tangara_schrankii_P21_DAGR12,170,Tangara,9.32,13,2012 -book: 13 -page: 13 -species: Tangara_schrankii -number: 1,1,306,306,NA,315,306,325,306,315,306
Pantiacolla,3,77,2010,Thraupidae,,Tangara_schrankii,P22_JAEC10,NA,NA,NA,NA,12.6551,12,39,18.2,71.2324,71,13,56.7,,437,30-Oct-10,30-Oct-10,NA,NA,12-Nov-10,12-Nov-10,,,,12-Nov-10,13,Depredado_total,,Huevo,Copa,,58.3,55.2,17.2,39.7,NA,78.2,136.8,98.2,,180,NA,,x,x,x,x,x,1A,20,15,2.4,2,NA,NA,NA,NA,NA,NA,NA,NA,NA,NA,NA,NA,No,No,No,No,,10/30/2010,11/12/2010,11/12/2010,NA,316,NA,Tangara_schrankii_P22_JAEC10,180,Tangara,9.3479,77,2010 -book: 3 -page: 77 -species: Tangara_schrankii -number: 1,1,303,303,NA,NA,316,316,303,NA,316
Pantiacolla,6,38,2011,Thraupidae,,Tangara_schrankii,P22_JPV11,NA,NA,NA,NA,12.6538,12,39,13.7,71.232,71,13,55.1,,425,8-Oct-11,13-Oct-11,NA,NA,21-Oct-11,24-Oct-11,,,,24-Oct-11,16,Depredado_total,,Huevo,Copa,,68.5,53.7,20.9,39.5,NA,89.2,80.4,53.2,,200,8.15,,7.42,0.72,NA,NA,NA,A,20.6,15.5,2.2,2,NA,NA,NA,NA,NA,NA,NA,NA,NA,NA,NA,NA,No,NA,Si,Si,,10/8/2011,10/21/2011,10/24/2011,NA,297,NA,Tangara_schrankii_P22_JPV11,200,Tangara,8.15,38,2011 -book: 6 -page: 38 -species: Tangara_schrankii -number: 1,1,281,286,NA,NA,294,297,281,NA,294
Pantiacolla,2,43,2010,Thraupidae,,Tangara_schrankii,P22_SCP10,NA,NA,NA,NA,12.6445,12,38,40.3,71.2432,71,14,35.6,,420,28-Oct-10,28-Oct-10,NA,NA,30-Oct-10,4-Nov-10,,,,4-Nov-10,7,Depredado_parcial,,Huevo,Copa,,48.7,50.6,12.5,42.9,NA,79.1,63.7,47.9,,100,8,,0.3,3,3.9,x,x,1A,20.3,14.9,2.4,2,NA,NA,NA,NA,NA,NA,NA,NA,NA,NA,NA,NA,x,NA,Si,Si,Se obtuvo patrón de incubación por. Depredado por Psustes sulphureus con huevos listos para eclosionar.,10/28/2010,10/30/2010,11/4/2010,NA,308,NA,Tangara_schrankii_P22_SCP10,100,Tangara,8,43,2010 -book: 2 -page: 43 -species: Tangara_schrankii -number: 1,1,301,301,NA,NA,303,308,301,NA,303
Pantiacolla,8,44,2011,Thraupidae,,Tangara_schrankii,P23_EMJ11,NA,NA,NA,NA,12.6511,12,39,4,71.2274,71,13,38.7,,423,10-Nov-11,10-Nov-11,NA,25-Nov-11,25-Nov-11,26-Nov-11,,,,26-Nov-11,16,Depredado_total,,Huevo,Copa,,47.8,40.9,x,32.1,NA,70.2,63,54.9,,50,3.89,,2.27,1.18,0.44,NA,NA,1,21.1,15.6,2.9,2,NA,NA,NA,NA,NA,NA,NA,NA,NA,NA,NA,NA,Si,NA,Si,No,,11/10/2011,11/25/2011,11/26/2011,NA,330,NA,Tangara_schrankii_P23_EMJ11,50,Tangara,3.89,44,2011 -book: 8 -page: 44 -species: Tangara_schrankii -number: 1,1,314,314,NA,329,329,330,314,329,329
Pantiacolla,3,93,2010,Thraupidae,,Tangara_schrankii,P24_CAB10,NA,NA,NA,NA,12.6461,12,38,46,71.2307,71,13,50.4,,402,27-Oct-10,27-Oct-10,NA,NA,6-Nov-10,7-Nov-10,,,,7-Nov-10,11,Depredado_parcial,,Huevo,Copa,,x,x,x,x,NA,x,x,x,,NA,NA,,x,x,x,x,x,A,18.9,15,2.45,2,NA,NA,NA,NA,NA,NA,NA,NA,NA,NA,NA,NA,No,No,No,No,No se tomaron medidas del nido. Primero un polluelo fue el depredado y posteriormente la madre abandono,10/27/2010,11/6/2010,11/7/2010,NA,311,NA,Tangara_schrankii_P24_CAB10,142.4112903,Tangara,9.3479,93,2010 -book: 3 -page: 93 -species: Tangara_schrankii -number: 1,1,300,300,NA,NA,310,311,300,NA,310
Pantiacolla,20,21,2013,Thraupidae,,Tangara_schrankii,P24_MHD13,NA,NA,NA,NA,12.645,12,38,41.9,71.2303,71,13,48.9,,427,10-Oct-13,10-Oct-13,NA,NA,10-Oct-13,10-Oct-13,,,,10-Oct-13,0,Depredado_total,,Huevo,Copa,,61,56.9,12.2,41.3,Na,48.5,45.8,x,,150,NA,,NA,NA,NA,NA,NA,A,20.7,14.6,2.6,1,NA,NA,NA,NA,NA,NA,NA,NA,NA,NA,NA,NA,No,No,No,No,,10/10/2013,10/10/2013,10/10/2013,NA,283,NA,Tangara_schrankii_P24_MHD13,150,Tangara,9.3479,21,2013 -book: 20 -page: 21 -species: Tangara_schrankii -number: 1,1,283,283,NA,NA,283,283,283,NA,283
Pantiacolla,13,41,2012,Thraupidae,,Tangara_schrankii,P25_DAGR12,NA,NA,NA,NA,12.6515,12,39,5.4,71.231,71,13,51.7,,387,18-Nov-12,18-Nov-12,NA,NA,18-Nov-12,18-Nov-12,,,,21-Nov-12,3,Abandonado,,Huevo,Copa,,45.2,49.5,16.2,48.1,NA,66.4,63.3,48.3,,160,8.45,,3.23,3.99,0.84,x,x,1,21.5,15.5,2.67,2,18-Nov-12,NA,NA,NA,NA,NA,NA,NA,NA,NA,NA,NA,No,No,x,x,,11/18/2012,11/18/2012,11/21/2012,11/18/2012,326,323,Tangara_schrankii_P25_DAGR12,160,Tangara,8.45,41,2012 -book: 13 -page: 41 -species: Tangara_schrankii -number: 1,1,323,323,NA,NA,323,323,323,NA,323
Pantiacolla,25,28,2014,Thraupidae,,Tangara_schrankii,P25_JSH14,NA,NA,NA,NA,12.6534,12,39,12.2,71.2296,71,13,46.6,,413,14-Nov-14,14-Nov-14,NA,NA,14-Nov-14,14-Nov-14,,,,15-Nov-14,1,Abandonado,,Huevo,Copa,,49.3,50.6,14,35.4,NA,68.3,80.7,56,,50,4.58,,2.69,1.44,1.79,NA,NA,1A,20.6,14.7,2.48,2,NA,NA,NA,NA,NA,NA,NA,NA,NA,NA,NA,NA,No,NA,No,No,base crema con manchas rojizas distribuidas por todo el huevo,11/14/2014,11/14/2014,11/15/2014,NA,319,NA,Tangara_schrankii_P25_JSH14,50,Tangara,4.58,28,2014 -book: 25 -page: 28 -species: Tangara_schrankii -number: 1,1,318,318,NA,NA,318,318,318,NA,318
Pantiacolla,9,77,2011,Thraupidae,,Tangara_schrankii,P26_EMJ11,NA,NA,NA,NA,12.6512,12,39,4.2,71.2274,71,13,38.8,,388,22-Nov-11,22-Nov-11,NA,NA,3-Dec-11,6-Dec-11,,,,6-Dec-11,14,Depredado_total,,Huevo,Copa,,47.8,40.9,13.5,32.1,NA,70.2,63,54.9,,50,8.03,,5.4,2.63,NA,NA,NA,A,19.8,15.4,2.54,2,NA,NA,NA,NA,NA,NA,NA,NA,NA,NA,NA,NA,No,NA,Si,No,,11/22/2011,12/3/2011,12/6/2011,NA,340,NA,Tangara_schrankii_P26_EMJ11,50,Tangara,8.03,77,2011 -book: 9 -page: 77 -species: Tangara_schrankii -number: 1,1,326,326,NA,NA,337,340,326,NA,337
Pantiacolla,21,58,2013,Thraupidae,,Tangara_schrankii,P26_JD13,NA,NA,NA,NA,12.6441,12,38,38.8,71.2343,71,14,3.4,,405,13-Nov-13,13-Nov-13,NA,NA,NA,13-Nov-13,,,,NA,NA,Abandonado,,Huevo,Copa,,56.5,48.5,13.6,35.8,NA,65,56.4,60.2,,60,8.18,,6.94,0.21,NA,NA,NA,1,19.8,14.4,2.22,2,NA,NA,NA,NA,NA,NA,NA,NA,NA,NA,NA,NA,No,No,Si,Si,brown speckling on aw hite background,11/13/2013,NA,NA,NA,NA,NA,Tangara_schrankii_P26_JD13,60,Tangara,8.18,58,2013 -book: 21 -page: 58 -species: Tangara_schrankii -number: 1,1,317,317,NA,NA,NA,317,317,NA,317
Pantiacolla,9,29,2011,Thraupidae,,Tangara_schrankii,P26_RVA11,NA,NA,NA,NA,12.6416,12,38,29.8,71.2424,71,14,32.5,,426,1-Nov-11,3-Nov-11,NA,NA,10-Nov-11,12-Nov-11,,,,12-Nov-11,11,Depredado_total,,Huevo,Copa,,41.2,61,0.8,44.1,NA,53.2,79.7,67.3,,90,6.4,,2.2,0.85,1.9,0.75,NA,A,19.5,14.8,2.3,1,NA,NA,NA,NA,NA,NA,NA,NA,NA,NA,NA,NA,No,NA,Si,Si,,11/1/2011,11/10/2011,11/12/2011,NA,316,NA,Tangara_schrankii_P26_RVA11,90,Tangara,6.4,29,2011 -book: 9 -page: 29 -species: Tangara_schrankii -number: 1,1,305,307,NA,NA,314,316,305,NA,314
Pantiacolla,3,157,2010,Thraupidae,,Tangara_schrankii,P27_MAL10,NA,NA,NA,NA,12.6489,12,38,56.1,71.2416,71,14,29.7,,421,14-Nov-10,14-Nov-10,NA,NA,18-Nov-10,18-Nov-10,,,,18-Nov-10,4,Depredado_total,,Huevo,Copa,,53.4,63,20.7,43.5,NA,64,86,63,,180,8.65,,5,1.85,1.8,x,x,1A,20.3,15.2,2.65,2,NA,NA,NA,NA,NA,NA,NA,NA,NA,NA,NA,NA,No,No,No,No,,11/14/2010,11/18/2010,11/18/2010,NA,322,NA,Tangara_schrankii_P27_MAL10,180,Tangara,8.65,157,2010 -book: 3 -page: 157 -species: Tangara_schrankii -number: 1,1,318,318,NA,NA,322,322,318,NA,322
Pantiacolla,2,125,2010,Thraupidae,,Tangara_schrankii,P28_SCP10,NA,NA,NA,NA,12.6454,12,38,43.5,71.2341,71,14,2.6,,409,1-Nov-10,1-Nov-10,NA,NA,NA,1-Nov-10,,,,2-Nov-10,1,Abandonado,,Huevo,Copa,,65,47.5,10.8,42,NA,84.5,64.9,60.2,,250,7.55,,0.9,2.85,4.05,x,x,1A,20.4,14.6,2.75,2,NA,NA,NA,NA,NA,NA,NA,NA,NA,NA,NA,NA,x,NA,x,No,,11/1/2010,NA,11/2/2010,NA,306,NA,Tangara_schrankii_P28_SCP10,250,Tangara,7.55,125,2010 -book: 2 -page: 125 -species: Tangara_schrankii -number: 1,1,305,305,NA,NA,NA,305,305,NA,305
Pantiacolla,9,45,2011,Thraupidae,,Tangara_schrankii,P29_RVA11,NA,NA,NA,NA,12.6408,12,38,26.8,71.2411,71,14,28.1,,409,9-Nov-11,9-Nov-11,NA,NA,19-Nov-11,19-Nov-11,,,,21-Nov-11,12,Depredado_total,,Huevo,Copa,,55.6,49.9,14.4,43.3,NA,85.7,89.7,54.1,,120,5.95,,3.45,0.7,0.9,x,NA,1A,21.4,15.3,2.7,NA,NA,NA,NA,NA,NA,NA,NA,NA,NA,NA,NA,NA,No,NA,Si,Si,,11/9/2011,11/19/2011,11/21/2011,NA,325,NA,Tangara_schrankii_P29_RVA11,120,Tangara,5.95,45,2011 -book: 9 -page: 45 -species: Tangara_schrankii -number: 1,1,313,313,NA,NA,323,323,313,NA,323
Pantiacolla,1,82,2010,Thraupidae,,Tangara_schrankii,P3_CAB10,NA,NA,NA,NA,12.6495,12,38,58.2,71.2658,71,15,57,,427,5-Oct-10,5-Oct-10,NA,21-Oct-10,2-Nov-10,4-Nov-10,,,,4-Nov-10,30,Exitoso,,Huevo,Copa,,x,x,x,x,NA,x,x,x,,300,NA,,x,x,x,x,x,1A,20.8,14.4,2.36,2,5-Oct-10,NA,NA,NA,NA,NA,NA,NA,NA,NA,NA,NA,Si,Si,No,Si,,10/5/2010,11/2/2010,11/4/2010,10/5/2010,308,278,Tangara_schrankii_P3_CAB10,300,Tangara,9.3479,82,2010 -book: 1 -page: 82 -species: Tangara_schrankii -number: 1,1,278,278,NA,294,306,308,278,294,306
Pantiacolla,24,41,2014,Thraupidae,,Tangara_schrankii,P3_SGG14,NA,NA,NA,NA,12.6476,12,38,51.3,71.2426,71,14,33.4,,449,12-Oct-14,12-Oct-14,NA,NA,NA,17-Oct-14,,,,17-Oct-14,5,Abandonado,,Huevo,Copa,,50.3,58.5,11,52.4,NA,71.8,79.3,60.8,,140,NA,,NA,NA,NA,NA,NA,1,19.6,15.1,2.35,2,NA,NA,NA,NA,NA,NA,NA,NA,NA,NA,NA,NA,No,No,Si,x,fondo blanco crema. con manchas café rufo dispersas mas concentradas en la base. frescos.,10/12/2014,NA,10/17/2014,NA,290,NA,Tangara_schrankii_P3_SGG14,140,Tangara,9.3479,41,2014 -book: 24 -page: 41 -species: Tangara_schrankii -number: 1,1,285,285,NA,NA,NA,290,285,NA,290
Pantiacolla,1,146,2010,Thraupidae,,Tangara_schrankii,P31_JAEC10,NA,NA,NA,NA,12.6519,12,39,6.9,71.2284,71,13,42.2,,392,6-Nov-10,6-Nov-10,NA,NA,9-Nov-10,9-Nov-10,,,,9-Nov-10,3,Depredado_total,,Huevo,Copa,,49.6,61.2,15.8,36.8,NA,65,83.7,55.1,,120,12.2,,6.58,4.12,0.8,x,x,1A,19.9,14.7,2.39,2,NA,NA,NA,NA,NA,NA,NA,NA,NA,NA,NA,NA,No,No,No,No,,11/6/2010,11/9/2010,11/9/2010,NA,313,NA,Tangara_schrankii_P31_JAEC10,120,Tangara,12.2,146,2010 -book: 1 -page: 146 -species: Tangara_schrankii -number: 1,1,310,310,NA,NA,313,313,310,NA,313
Pantiacolla,6,18,2011,Thraupidae,,Tangara_schrankii,P31_JMM11,NA,NA,NA,NA,12.6511,12,39,4.1,71.2276,71,13,39.2,,400,3-Nov-11,3-Nov-11,NA,NA,5-Nov-11,5-Nov-11,,,,5-Nov-11,2,Depredado_total,,Huevo,Copa,,54.3,47.1,19.5,x,NA,67.4,60,62.5,,NA,3.69,,1.85,1.11,0.5,NA,NA,1,20.4,15.2,2.39,2,NA,NA,NA,NA,NA,NA,NA,NA,NA,NA,NA,NA,No,NA,No,No,,11/3/2011,11/5/2011,11/5/2011,NA,309,NA,Tangara_schrankii_P31_JMM11,142.4112903,Tangara,3.69,18,2011 -book: 6 -page: 18 -species: Tangara_schrankii -number: 1,1,307,307,NA,NA,309,309,307,NA,309
Pantiacolla,4,141,2010,Thraupidae,,Tangara_schrankii,P31_MAL10,NA,NA,NA,NA,12.6411,12,38,28,71.2407,71,14,26.6,,403,17-Nov-10,17-Nov-10,NA,6-Dec-10,15-Dec-10,15-Dec-10,,,,15-Dec-10,28,Exitoso,,Huevo,Copa,,69,74,18,43,NA,78.2,64,54.9,,210,NA,,x,x,x,x,x,1A,20.7,15.5,2.72,2,17-Nov-10,NA,NA,NA,NA,NA,NA,NA,NA,NA,NA,NA,Si,No,No,No,,11/17/2010,12/15/2010,12/15/2010,11/17/2010,349,321,Tangara_schrankii_P31_MAL10,210,Tangara,9.3479,141,2010 -book: 4 -page: 141 -species: Tangara_schrankii -number: 1,1,321,321,NA,340,349,349,321,340,349
Pantiacolla,4,27,2010,Thraupidae,,Tangara_schrankii,P33_JAEC10,NA,NA,NA,NA,12.6508,12,39,3,71.2273,71,13,38.2,,455,4-Nov-10,4-Nov-10,25-Nov-10,25-Nov-10,27-Nov-10,27-Nov-10,,,,27-Nov-10,23,Abandonado,,Polluelo,Copa,,59.7,45.5,24.9,55.7,NA,56.7,58.9,78,,160,15.1,,7.15,4.96,1.15,x,x,NA,NA,NA,NA,2,25-Nov-10,1,Floro,0,4.39,7.8,5.5,x,x,31.791,30.697,25.82,Si,No,No,Si,,11/4/2010,11/27/2010,11/27/2010,11/25/2010,331,329,Tangara_schrankii_P33_JAEC10,160,Tangara,15.1,27,2010 -book: 4 -page: 27 -species: Tangara_schrankii -number: 1,1,308,308,329,329,331,331,308,329,331
Pantiacolla,9,58,2011,Thraupidae,,Tangara_schrankii,P33_RVA11,NA,NA,NA,NA,12.6455,12,38,43.8,71.2424,71,14,32.6,,424,14-Nov-11,14-Nov-11,30-Nov-11,3-Dec-11,8-Dec-11,8-Dec-11,,,,9-Dec-11,25,Depredado_total,,Polluelo,Copa,,52.6,47.6,11.8,37.3,NA,84.8,66.4,73.7,,60,12.86,,3.54,3.05,2.28,0.79,NA,NA,20.8,14.4,2.36,2,3-Dec-11,1,Unmarked,3,5.99,9.4,9.4,x,x,x,x,NA,No,No,Si,Si,,11/14/2011,12/8/2011,12/9/2011,12/3/2011,343,337,Tangara_schrankii_P33_RVA11,60,Tangara,12.86,58,2011 -book: 9 -page: 58 -species: Tangara_schrankii -number: 1,1,318,318,334,337,342,342,318,334,342
Pantiacolla,5,16,2010,Thraupidae,,Tangara_schrankii,P34_CAB10,NA,NA,NA,NA,12.6516,12,39,5.9,71.2309,71,13,51.3,,376,22-Nov-10,22-Nov-10,NA,NA,NA,NA,,,,NA,NA,Depredado_total,,Huevo,Copa,,54.7,62.3,10,39.4,NA,74.5,80.2,78.9,,80,NA,,x,x,x,x,x,1A,21.3,15.3,2.69,2,NA,NA,NA,NA,NA,NA,NA,NA,NA,NA,NA,NA,x,NA,Si,Si,,11/22/2010,NA,NA,NA,NA,NA,Tangara_schrankii_P34_CAB10,80,Tangara,9.3479,16,2010 -book: 5 -page: 16 -species: Tangara_schrankii -number: 1,1,326,326,NA,NA,NA,NA,326,NA,NA
Pantiacolla,8,23,2011,Thraupidae,,Tangara_schrankii,P34_JPV11,NA,NA,NA,NA,12.6507,12,39,2.5,71.2339,71,14,2,,435,10-Nov-11,11-Nov-11,NA,NA,24-Nov-11,28-Nov-11,,,,28-Nov-11,18,Abandonado,,Huevo,Copa,,x,x,x,x,NA,x,x,x,,150,8.6,,7.85,0.75,NA,NA,NA,1A,20,14.7,2.33,2,NA,NA,NA,NA,NA,NA,NA,NA,NA,NA,NA,NA,No,NA,Si,Si,,11/10/2011,11/24/2011,11/28/2011,NA,332,NA,Tangara_schrankii_P34_JPV11,150,Tangara,8.6,23,2011 -book: 8 -page: 23 -species: Tangara_schrankii -number: 1,1,314,315,NA,NA,328,332,314,NA,328
Pantiacolla,4,146,2010,Thraupidae,,Tangara_schrankii,P34_MAL10,NA,NA,NA,NA,x,x,x,x,x,x,x,x,,NA,22-Nov-10,22-Nov-10,NA,NA,29-Nov-10,29-Nov-10,,,,29-Nov-10,7,Depredado_total,,Huevo,Copa,,45.3,62,18.4,37.8,NA,74.3,65.8,47.5,,150,5.65,,2.2,2.35,1,x,x,1A,20.5,15,2.55,2,NA,NA,NA,NA,NA,NA,NA,NA,NA,NA,NA,NA,No,NA,No,No,,11/22/2010,11/29/2010,11/29/2010,NA,333,NA,Tangara_schrankii_P34_MAL10,150,Tangara,5.65,146,2010 -book: 4 -page: 146 -species: Tangara_schrankii -number: 1,1,326,326,NA,NA,333,333,326,NA,333
Pantiacolla,1,123,2010,Thraupidae,,Tangara_schrankii,P34_SAG10,NA,NA,NA,NA,11.6591,11,39,32.6,71.316,71,18,57.6,,435,4-Nov-10,4-Nov-10,NA,4-Nov-10,5-Nov-10,4-Nov-10,,,,5-Nov-10,1,Abandonado,,Huevo,Copa,,42.6,40.4,15,30,NA,69.4,42.7,45,,160,11.85,,5.6,1.7,0.45,x,x,1,20,14.3,1.8,1,4-Nov-10,NA,NA,NA,NA,NA,NA,NA,NA,NA,NA,NA,No,No,Si,No,,11/4/2010,11/5/2010,11/5/2010,11/4/2010,309,308,Tangara_schrankii_P34_SAG10,160,Tangara,11.85,123,2010 -book: 1 -page: 123 -species: Tangara_schrankii -number: 1,1,308,308,NA,308,309,308,308,308,308
Pantiacolla,3,64,2010,Thraupidae,,Tangara_schrankii,P35_GVC10,NA,NA,NA,NA,12.6525,12,39,9.1,71.2299,71,13,47.6,,398,19-Nov-10,19-Nov-10,NA,NA,26-Nov-10,27-Nov-10,,,,27-Nov-10,8,Depredado_total,,Huevo,Copa,,54,52.5,13.9,45.9,NA,59.3,78.2,50.2,,90,6.3,,3.5,2.4,0.5,x,x,A,21,15.5,2.55,2,NA,NA,NA,NA,NA,NA,NA,NA,NA,NA,NA,NA,No,No,Si,Si,,11/19/2010,11/26/2010,11/27/2010,NA,331,NA,Tangara_schrankii_P35_GVC10,90,Tangara,6.3,64,2010 -book: 3 -page: 64 -species: Tangara_schrankii -number: 1,1,323,323,NA,NA,330,331,323,NA,330
Pantiacolla,19,71,2013,Thraupidae,,Tangara_schrankii,P35_MHD13,NA,NA,NA,NA,12.6499,12,38,59.7,71.2271,71,13,37.4,,386,23-Oct-13,23-Oct-13,NA,NA,24-Oct-13,24-Oct-13,,,,24-Oct-13,1,Depredado_total,,Huevo,Copa,,58.2,48.5,12.9,18,NA,80.3,52.1,34.6,,25,16.17,,11.64,3.98,NA,NA,NA,1,20.9,15.3,2.36,2,NA,NA,NA,NA,NA,NA,NA,NA,NA,NA,NA,NA,NA,NA,Si,Si,,10/23/2013,10/24/2013,10/24/2013,NA,297,NA,Tangara_schrankii_P35_MHD13,25,Tangara,16.17,71,2013 -book: 19 -page: 71 -species: Tangara_schrankii -number: 1,1,296,296,NA,NA,297,297,296,NA,297
Pantiacolla,4,125,2010,Thraupidae,,Tangara_schrankii,P35_SCP10,NA,NA,NA,NA,12.6493,12,38,57.6,71.2456,71,14,44.3,,432,11-Nov-10,11-Nov-10,NA,27-Nov-10,9-Dec-10,11-Dec-10,,,,11-Dec-10,30,Exitoso,,Huevo,Copa,,67,49.5,11.9,44.5,NA,75.4,67.1,52.9,,NA,NA,,x,x,x,x,x,1A,20.1,15.4,2.5,2,11-Nov-10,NA,NA,NA,NA,NA,NA,NA,NA,NA,NA,NA,Si,No,Si,Si,,11/11/2010,12/9/2010,12/11/2010,11/11/2010,345,315,Tangara_schrankii_P35_SCP10,142.4112903,Tangara,9.3479,125,2010 -book: 4 -page: 125 -species: Tangara_schrankii -number: 1,1,315,315,NA,331,343,345,315,331,343
Pantiacolla,5,19,2010,Thraupidae,,Tangara_schrankii,P36_CAB10,NA,NA,NA,NA,12.6459,12,38,45.1,71.2318,71,13,54.3,,397,12-Nov-10,22-Nov-10,NA,NA,22-Nov-10,22-Nov-10,,,,NA,NA,Abandonado,,Huevo,Copa,,56.5,56.4,11.7,39,NA,77.5,72.8,59.1,,60,NA,,x,x,x,x,x,1A,19.5,15.3,2.34,2,NA,NA,NA,NA,NA,NA,NA,NA,NA,NA,NA,NA,x,NA,x,x,,11/12/2010,11/22/2010,NA,NA,NA,NA,Tangara_schrankii_P36_CAB10,60,Tangara,9.3479,19,2010 -book: 5 -page: 19 -species: Tangara_schrankii -number: 1,1,316,326,NA,NA,326,326,316,NA,326
Pantiacolla,8,34,2011,Thraupidae,,Tangara_schrankii,P36_JPV11,NA,NA,NA,NA,12.6482,12,38,53.5,71.2282,71,13,41.6,,401,22-Nov-11,22-Nov-11,NA,NA,NA,28-Nov-11,,,,30-Nov-11,8,Depredado_total,,Huevo,Copa,,53.5,49.9,14.4,43.3,NA,75.9,83.9,54.7,,100,NA,,x,x,x,NA,NA,A,20.4,15.5,2.75,2,NA,NA,NA,NA,NA,NA,NA,NA,NA,NA,NA,NA,No,NA,No,Si,,11/22/2011,NA,11/30/2011,NA,334,NA,Tangara_schrankii_P36_JPV11,100,Tangara,9.3479,34,2011 -book: 8 -page: 34 -species: Tangara_schrankii -number: 1,1,326,326,NA,NA,NA,332,326,NA,332
Pantiacolla,24,98,2014,Thraupidae,,Tangara_schrankii,P36_SGG14,NA,NA,NA,NA,12.6484,12,38,54.3,71.241,71,14,27.5,,423,24-Nov-14,24-Nov-14,NA,NA,NA,27-Nov-14,,,,27-Nov-14,3,Depredado_total,,Huevo,Copa,,x,x,x,x,NA,x,x,x,,320,NA,,NA,NA,NA,NA,NA,1A,19.5,15,2.13,2,NA,NA,NA,NA,NA,NA,NA,NA,NA,NA,NA,NA,No,No,No,Si,blanco con manchas rojiso en la base.,11/24/2014,NA,11/27/2014,NA,331,NA,Tangara_schrankii_P36_SGG14,320,Tangara,9.3479,98,2014 -book: 24 -page: 98 -species: Tangara_schrankii -number: 1,1,328,328,NA,NA,NA,331,328,NA,331
Pantiacolla,4,53,2010,Thraupidae,,Tangara_schrankii,P37_SAG10,NA,NA,NA,NA,12.6449,12,38,41.5,71.2392,71,14,21,,378,5-Nov-10,5-Nov-10,NA,22-Nov-10,21-Nov-10,3-Dec-10,,,,3-Dec-10,28,Depredado_parcial,,Huevo,Copa,,36.9,52.1,12.6,39.3,NA,64.2,65.8,54.5,,100,NA,,x,x,x,x,x,A,21.9,14.4,2.5,2,5-Nov-10,NA,NA,NA,NA,NA,NA,NA,NA,NA,NA,NA,x,NA,x,x,,11/5/2010,11/21/2010,12/3/2010,11/5/2010,337,309,Tangara_schrankii_P37_SAG10,100,Tangara,9.3479,53,2010 -book: 4 -page: 53 -species: Tangara_schrankii -number: 1,1,309,309,NA,326,325,337,309,326,325
Pantiacolla,8,28,2011,Thraupidae,,Tangara_schrankii,P39_JPV11,NA,NA,NA,NA,12.6482,12,38,53.6,71.2332,71,13,59.6,,400,24-Nov-11,25-Nov-11,NA,NA,28-Nov-11,28-Nov-11,,,,28-Nov-11,4,Depredado_total,,Huevo,Copa,,45.6,52.7,9.7,47,NA,68.4,72.2,57.5,,100,7.9,,5.85,1.9,NA,NA,NA,1,20.2,15.3,2.45,2,NA,NA,NA,NA,NA,NA,NA,NA,NA,NA,NA,NA,No,NA,No,No,,11/24/2011,11/28/2011,11/28/2011,NA,332,NA,Tangara_schrankii_P39_JPV11,100,Tangara,7.9,28,2011 -book: 8 -page: 28 -species: Tangara_schrankii -number: 1,1,328,329,NA,NA,332,332,328,NA,332
Pantiacolla,22,26,2013,Thraupidae,,Tangara_schrankii,P39_WAVM13,NA,NA,NA,NA,12.6495,12,38,58.2,71.2256,71,13,32.1,,387,23-Nov-13,23-Nov-13,NA,NA,NA,30-Nov-13,,,,30-Nov-13,7,Abandonado,,Huevo,Copa,,45,54.5,19.8,39.1,NA,65,36.3,58.5,,39,9.75,,5.72,2.54,1.09,x,x,A,21.8,16.4,3.04,NA,23-Nov-13,NA,NA,NA,NA,NA,NA,NA,NA,NA,NA,NA,x,NA,Si,No,Hay descripción de las capas de los nidos. Huevo color morado-rosado claro con puntos y manchas moradas aleatoriamentedistribuidas y más concentradas hacia la zona ecuatorial del huevo,11/23/2013,NA,11/30/2013,11/23/2013,334,327,Tangara_schrankii_P39_WAVM13,39,Tangara,9.75,26,2013 -book: 22 -page: 26 -species: Tangara_schrankii -number: 1,1,327,327,NA,NA,NA,334,327,NA,334
Pantiacolla,23,125,2014,Thraupidae,,Tangara_schrankii,P4_IGZ14,NA,NA,NA,NA,12.6479,12,38,52.6,71.2436,71,14,37,,416,29-Aug-14,29-Aug-14,NA,NA,NA,8-Sep-14,,,,8-Sep-14,10,Depredado_total,,Huevo,Copa,,51,57.2,15,40.5,NA,69.6,84.8,43.8,,350,NA,,x,x,NA,NA,NA,1,20.9,15.5,2.66,1,29-Aug-14,NA,NA,NA,NA,NA,NA,NA,NA,NA,NA,NA,No,NA,No,No,"Blancos con manchas rojas distribuidas levemente por todo el huevo, pero concentradas en la base mas ancha",8/29/2014,NA,9/8/2014,8/29/2014,251,241,Tangara_schrankii_P4_IGZ14,350,Tangara,9.3479,125,2014 -book: 23 -page: 125 -species: Tangara_schrankii -number: 1,1,241,241,NA,NA,NA,251,241,NA,251
Pantiacolla,7,38,2011,Thraupidae,,Tangara_schrankii,P4_JMM11,NA,NA,NA,NA,12.6508,12,39,2.8,71.2316,71,13,53.9,,406,27-Sep-11,3-Oct-11,NA,NA,6-Oct-11,6-Oct-11,,,,6-Oct-11,9,Abandonado,,Huevo,Copa,,69.5,43,26.1,41.6,NA,90.1,66.4,62.2,,60,7.08,,4.63,1.29,1.14,NA,NA,A,21.3,15.3,2.52,2,NA,NA,NA,NA,NA,NA,NA,NA,NA,NA,NA,NA,No,NA,Si,Si,,9/27/2011,10/6/2011,10/6/2011,NA,279,NA,Tangara_schrankii_P4_JMM11,60,Tangara,7.08,38,2011 -book: 7 -page: 38 -species: Tangara_schrankii -number: 1,1,270,276,NA,NA,279,279,270,NA,279
Pantiacolla,5,25,2010,Thraupidae,,Tangara_schrankii,P41_CAB10,NA,NA,NA,NA,12.6459,12,38,45.1,71.2306,71,13,50.2,,401,27-Nov-10,27-Nov-10,NA,NA,13-Dec-10,13-Dec-10,,,,13-Dec-10,16,Depredado_total,,Huevo,Copa,,51.5,46,21.9,45.1,NA,73.8,76.9,53,,NA,NA,,x,x,x,x,x,1A,19,14.4,2.2,2,NA,NA,NA,NA,NA,NA,NA,NA,NA,NA,NA,NA,x,NA,x,x,,11/27/2010,12/13/2010,12/13/2010,NA,347,NA,Tangara_schrankii_P41_CAB10,142.4112903,Tangara,9.3479,25,2010 -book: 5 -page: 25 -species: Tangara_schrankii -number: 1,1,331,331,NA,NA,347,347,331,NA,347
Pantiacolla,23,56,2014,Thraupidae,,Tangara_schrankii,P42_JSH14,NA,NA,NA,NA,12.6358,12,38,8.8,71.2428,71,14,33.9,,430,3-Nov-14,3-Nov-14,NA,NA,NA,6-Nov-14,,,,6-Nov-14,3,Depredado_total,,Huevo,Copa,,51.8,45.4,12.3,39.7,NA,75.5,65.2,40.8,,250,7.68,,3.69,2.21,1.26,NA,NA,1A,20.9,15.3,2.55,2,NA,NA,NA,NA,NA,NA,NA,NA,NA,NA,NA,NA,No,NA,No,No,"Fondo crema con manchas café-rojizoconcentradas en la parte inferior,",11/3/2014,NA,11/6/2014,NA,310,NA,Tangara_schrankii_P42_JSH14,250,Tangara,7.68,56,2014 -book: 23 -page: 56 -species: Tangara_schrankii -number: 1,1,307,307,NA,NA,NA,310,307,NA,310
Pantiacolla,4,35,2010,Thraupidae,,Tangara_schrankii,P43_SAG10,NA,NA,NA,NA,12.6574,12,39,26.7,71.2522,71,15,7.8,,457,12-Nov-10,12-Nov-10,11-Nov-10,12-Nov-10,24-Nov-10,28-Nov-10,,,,28-Nov-10,16,Exitoso,,Polluelo,Copa,,58.9,52.5,16.3,39.5,NA,73.7,73.8,55.7,,190,NA,,x,x,x,x,x,NA,NA,NA,NA,2,12-Nov-10,1,Color,1,3.79,7,6.5,x,x,x,x,NA,x,NA,Si,Si,Los polluelos nos se alcanzaron a anillar,11/12/2010,11/24/2010,11/28/2010,11/12/2010,332,316,Tangara_schrankii_P43_SAG10,190,Tangara,9.3479,35,2010 -book: 4 -page: 35 -species: Tangara_schrankii -number: 1,1,316,316,315,316,328,332,316,315,328
Pantiacolla,12,95,2012,Thraupidae,,Tangara_schrankii,P44_MASM12,NA,NA,NA,NA,12.6425,12,38,33,71.2391,71,14,20.9,,421,27-Sep-12,27-Sep-12,NA,NA,1-Oct-12,1-Oct-12,,,,1-Oct-12,4,Depredado_total,,Huevo,Copa,,49,44.4,19.2,36.8,NA,51.8,69.1,47.8,,170,7.03,,3.72,3.31,x,x,x,1,19.8,15.4,2.1,2,NA,NA,NA,NA,NA,NA,NA,NA,NA,NA,NA,NA,x,NA,Si,Si,,9/27/2012,10/1/2012,10/1/2012,NA,275,NA,Tangara_schrankii_P44_MASM12,170,Tangara,7.03,95,2012 -book: 12 -page: 95 -species: Tangara_schrankii -number: 1,1,271,271,NA,NA,275,275,271,NA,275
Pantiacolla,17,84,2013,Thraupidae,,Tangara_schrankii,P44_MASM13,NA,NA,NA,NA,12.653,12,39,10.8,71.2309,71,13,51.3,,450,7-Oct-13,7-Oct-13,NA,NA,NA,7-Oct-13,,,,8-Oct-13,1,Abandonado,,Huevo,Copa,,x,x,x,x,NA,x,x,x,,NA,NA,,NA,NA,NA,NA,NA,1,20.4,15.1,2.3,2,7-Oct-13,NA,NA,NA,NA,NA,NA,NA,NA,NA,NA,NA,NA,NA,Si,Si,,10/7/2013,NA,10/8/2013,10/7/2013,281,280,Tangara_schrankii_P44_MASM13,142.4112903,Tangara,9.3479,84,2013 -book: 17 -page: 84 -species: Tangara_schrankii -number: 1,1,280,280,NA,NA,NA,280,280,NA,280
Pantiacolla,4,16,2010,Thraupidae,,Tangara_schrankii,P46_SAG10,NA,NA,NA,NA,12.6547,12,39,16.9,71.2531,71,15,11,,468,15-Nov-10,15-Nov-10,NA,NA,18-Nov-10,21-Nov-10,,,,21-Nov-10,6,Depredado_total,,Huevo,Copa,,58.5,47.6,13.3,34.8,NA,75,75.1,51.8,,130,9.9,,6.5,2.3,0.6,x,x,1,18.6,14.6,1.85,2,NA,NA,NA,NA,NA,NA,NA,NA,NA,NA,NA,NA,No,NA,No,No,No hubo data loggers disponibles para el nido. Primero fue depredado,11/15/2010,11/18/2010,11/21/2010,NA,325,NA,Tangara_schrankii_P46_SAG10,130,Tangara,9.9,16,2010 -book: 4 -page: 16 -species: Tangara_schrankii -number: 1,1,319,319,NA,NA,322,325,319,NA,322
Pantiacolla,20,129,2013,Thraupidae,,Tangara_schrankii,P47_MHD13,NA,NA,NA,NA,12.6487,12,38,55.4,71.2283,71,13,41.9,,381,13-Nov-13,13-Nov-13,NA,NA,NA,NA,,,,NA,NA,Depredado_total,,Huevo,Copa,,57.8,60,11.9,40.1,NA,55.3,52.9,52.7,,150,7.33,,5.56,1.6,NA,NA,NA,A,20,15.9,2.6,2,13-Nov-13,NA,NA,NA,NA,NA,NA,NA,NA,NA,NA,NA,No,No,Si,Si,whitew ith dark red speckles,11/13/2013,NA,NA,11/13/2013,NA,317,Tangara_schrankii_P47_MHD13,150,Tangara,7.33,129,2013 -book: 20 -page: 129 -species: Tangara_schrankii -number: 1,1,317,317,NA,NA,NA,NA,317,NA,NA
Pantiacolla,4,46,2010,Thraupidae,,Tangara_schrankii,P49_SAG10,NA,NA,NA,NA,12.6449,12,38,41.5,71.2392,71,14,21,,378,12-Nov-10,12-Nov-10,NA,NA,19-Nov-10,1-Dec-10,,,,1-Dec-10,19,Depredado_total,,Huevo,Copa,,56.9,50.6,11.9,31,NA,64.2,69,53.5,,105,NA,,5.2,3.3,0.7,x,x,A,19.8,15.5,2.6,2,NA,NA,NA,NA,NA,NA,NA,NA,NA,NA,NA,NA,Si,No,No,No,Parecen ser la misma pareja del nido P34_SAG10 que esta a 2 metros,11/12/2010,11/19/2010,12/1/2010,NA,335,NA,Tangara_schrankii_P49_SAG10,105,Tangara,9.3479,46,2010 -book: 4 -page: 46 -species: Tangara_schrankii -number: 1,1,316,316,NA,NA,323,335,316,NA,323
Pantiacolla,11,44,2012,Thraupidae,,Tangara_schrankii,P5_JDC12,NA,NA,NA,NA,12.6519,12,39,6.9,71.2389,71,14,20.2,,427,14-Aug-12,14-Aug-12,NA,NA,14-Aug-12,14-Aug-12,,,,NA,NA,Desconocido,,Huevo,Copa,,37.5,36.1,20,29.7,NA,86.7,80.2,70.2,,130,NA,,x,x,x,x,x,1A,20.1,14.8,2.4,2,NA,NA,NA,NA,NA,NA,NA,NA,NA,NA,NA,NA,x,NA,x,x,,8/14/2012,8/14/2012,NA,NA,NA,NA,Tangara_schrankii_P5_JDC12,130,Tangara,9.3479,44,2012 -book: 11 -page: 44 -species: Tangara_schrankii -number: 1,1,227,227,NA,NA,227,227,227,NA,227
Pantiacolla,25,4,2014,Thraupidae,,Tangara_schrankii,P51_JSH14,NA,NA,NA,NA,12.653,12,39,10.7,71.2365,71,14,11.5,,447,20-Nov-14,20-Nov-14,NA,NA,NA,28-Nov-14,,,,29-Nov-14,9,Depredado_total,,Huevo,Copa,,55.4,56.6,11.9,36.6,NA,78.3,76.3,58.7,,70,NA,,NA,NA,NA,NA,NA,1A,20,15,2.48,2,NA,NA,NA,NA,NA,NA,NA,NA,NA,NA,NA,NA,No,No,Si,Si,,11/20/2014,NA,11/29/2014,NA,333,NA,Tangara_schrankii_P51_JSH14,70,Tangara,9.3479,4,2014 -book: 25 -page: 4 -species: Tangara_schrankii -number: 1,1,324,324,NA,NA,NA,332,324,NA,332
Pantiacolla,12,109,2012,Thraupidae,,Tangara_schrankii,P51_MASM12,NA,NA,NA,NA,12.6503,12,39,0.9,71.2396,71,14,22.5,,444,6-Oct-12,6-Oct-12,NA,NA,NA,NA,,,,NA,NA,Exitoso,,Huevo,Copa,,x,x,x,x,NA,x,x,x,,600,NA,,x,x,x,x,x,A,20.3,15.7,2.5,2,NA,NA,NA,NA,NA,NA,NA,NA,NA,NA,NA,NA,x,NA,Si,Si,,10/6/2012,NA,NA,NA,NA,NA,Tangara_schrankii_P51_MASM12,600,Tangara,9.3479,109,2012 -book: 12 -page: 109 -species: Tangara_schrankii -number: 1,1,280,280,NA,NA,NA,NA,280,NA,NA
Pantiacolla,17,99,2013,Thraupidae,,Tangara_schrankii,P52_MASM13,NA,NA,NA,NA,12.6461,12,38,45.9,71.2458,71,14,45,,460,12-Oct-13,12-Oct-13,NA,12-Oct-13,13-Oct-13,13-Oct-13,,,,13-Oct-13,1,Depredado_total,,Polluelo,Copa,,54.5,62.9,12.9,62.5,NA,57,58.8,66.8,,140,9.02,,2.85,4.65,1.48,NA,NA,NA,NA,NA,NA,1,12-Oct-13,1,1Verde,NA,4.35,7.7,7.9,NA,NA,35.288,33.652,24,NA,NA,Si,No,,10/12/2013,10/13/2013,10/13/2013,10/12/2013,286,285,Tangara_schrankii_P52_MASM13,140,Tangara,9.02,99,2013 -book: 17 -page: 99 -species: Tangara_schrankii -number: 1,1,285,285,NA,285,286,286,285,285,286
Pantiacolla,4,59,2010,Thraupidae,,Tangara_schrankii,P53_JAG10,NA,NA,NA,NA,x,x,x,x,x,x,x,x,,497,17-Nov-10,17-Nov-10,NA,NA,1-Dec-10,1-Dec-10,,,,1-Dec-10,14,Depredado_total,,Huevo,Copa,,x,x,x,33.6,NA,64.8,56.6,43.5,,119,NA,,x,x,x,x,x,A,20.2,15.4,2.6,2,NA,NA,NA,NA,NA,NA,NA,NA,NA,NA,NA,NA,x,No,No,Si,El nido fue encontrado en latencia,11/17/2010,12/1/2010,12/1/2010,NA,335,NA,Tangara_schrankii_P53_JAG10,119,Tangara,9.3479,59,2010 -book: 4 -page: 59 -species: Tangara_schrankii -number: 1,1,321,321,NA,NA,335,335,321,NA,335
Pantiacolla,17,109,2013,Thraupidae,,Tangara_schrankii,P55_MASM13,NA,NA,NA,NA,12.6411,12,38,27.9,71.2422,71,14,31.8,,439,13-Oct-13,13-Oct-13,NA,NA,13-Oct-13,13-Oct-13,,,,14-Oct-13,1,Depredado_total,,Huevo,Copa,,55.1,48.8,19.4,32.4,NA,72.8,70.9,46.4,,120,6.52,,2.68,2.45,1.28,NA,NA,A,21.1,15.5,2.6,NA,13-Oct-13,NA,NA,NA,NA,NA,NA,NA,NA,NA,NA,NA,NA,NA,No,No,,10/13/2013,10/13/2013,10/14/2013,10/13/2013,287,286,Tangara_schrankii_P55_MASM13,120,Tangara,6.52,109,2013 -book: 17 -page: 109 -species: Tangara_schrankii -number: 1,1,286,286,NA,NA,286,286,286,NA,286
Pantiacolla,19,109,2013,Thraupidae,,Tangara_schrankii,P55_MHD13,NA,NA,NA,NA,12.6401,12,38,24.4,71.2393,71,14,21.4,,405,25-Nov-13,25-Nov-13,NA,NA,NA,4-Dec-13,,,,4-Dec-13,9,Depredado_total,,Huevo,Copa,,52.1,48.3,19.1,58.4,NA,45.2,34,64.5,,125,5.97,,3.77,1.97,0.69,NA,NA,A,20.1,15.4,2.46,2,NA,NA,NA,NA,NA,NA,NA,NA,NA,NA,NA,NA,NA,NA,No,x,,11/25/2013,NA,12/4/2013,NA,338,NA,Tangara_schrankii_P55_MHD13,125,Tangara,5.97,109,2013 -book: 19 -page: 109 -species: Tangara_schrankii -number: 1,1,329,329,NA,NA,NA,338,329,NA,338
Pantiacolla,17,113,2013,Thraupidae,,Tangara_schrankii,P59_MASM13,NA,NA,NA,NA,x,x,x,x,x,x,x,x,,NA,16-Oct-13,16-Oct-13,NA,NA,26-Oct-13,26-Oct-13,,,,26-Oct-13,10,Depredado_total,,Huevo,Copa,,54.3,48.2,20.5,38.4,NA,74.2,44.2,94.3,,60,5.12,,3.86,1.22,NA,NA,NA,1A,20.6,14.8,2.45,2,16-Oct-13,NA,NA,NA,NA,NA,NA,NA,NA,NA,NA,NA,NA,NA,Si,No,,10/16/2013,10/26/2013,10/26/2013,10/16/2013,299,289,Tangara_schrankii_P59_MASM13,60,Tangara,5.12,113,2013 -book: 17 -page: 113 -species: Tangara_schrankii -number: 1,1,289,289,NA,NA,299,299,289,NA,299
Pantiacolla,1,66,2010,Thraupidae,,Tangara_schrankii,P6_JAEC10,NA,NA,NA,NA,12.6532,12,39,11.6,71.2279,71,13,40.5,,413,10-Oct-10,10-Oct-10,NA,NA,25-Oct-10,26-Oct-10,,,,26-Oct-10,16,Abandonado,,Huevo,Copa,,62.3,46.5,21.4,36.1,NA,74.9,94.2,69,,175,17.47,,3.48,3.5,1.61,x,x,A,19.2,14.3,2.2,2,NA,NA,NA,NA,NA,NA,NA,NA,NA,NA,NA,NA,No,No,Si,Si,El nido fue encontrado con un huevo pero dias posteriores completo la puesta,10/10/2010,10/25/2010,10/26/2010,NA,299,NA,Tangara_schrankii_P6_JAEC10,175,Tangara,17.47,66,2010 -book: 1 -page: 66 -species: Tangara_schrankii -number: 1,1,283,283,NA,NA,298,299,283,NA,298
Pantiacolla,7,41,2011,Thraupidae,,Tangara_schrankii,P6_JMM11,NA,NA,NA,NA,12.6434,12,38,36.1,71.2414,71,14,28.9,,426,7-Sep-11,7-Sep-11,9-Sep-11,NA,15-Sep-11,16-Sep-11,,,,16-Sep-11,9,Depredado_total,,Polluelo,Copa,,69.5,43,26.1,41.6,NA,66.4,90.1,62.2,,60,7.63,,3.9,2.58,1.08,NA,NA,NA,20.4,15.5,NA,2,12-Sep-11,1,De,3,5.9,7.9,8.9,4.5,x,34.86,33.75,27.36,Si,NA,Si,Si,,9/7/2011,9/15/2011,9/16/2011,9/12/2011,259,255,Tangara_schrankii_P6_JMM11,60,Tangara,7.63,41,2011 -book: 7 -page: 41 -species: Tangara_schrankii -number: 1,1,250,250,252,NA,258,259,250,252,258
Pantiacolla,6,154,2011,Thraupidae,,Tangara_schrankii,P62_CFV11,NA,NA,NA,NA,12.6464,12,38,47,71.2394,71,14,21.9,,431,5-Nov-11,7-Nov-11,NA,NA,NA,22-Nov-11,,,,22-Nov-11,17,Depredado,,Huevo,Copa,,51.8,54.5,16.2,33.3,NA,60,86.5,55,,170,NA,,x,x,x,NA,NA,A,22.2,15.1,2.45,2,NA,NA,NA,NA,NA,NA,NA,NA,NA,NA,NA,NA,No,NA,No,Si,,11/5/2011,NA,11/22/2011,NA,326,NA,Tangara_schrankii_P62_CFV11,170,Tangara,9.3479,154,2011 -book: 6 -page: 154 -species: Tangara_schrankii -number: 1,1,309,311,NA,NA,NA,326,309,NA,326
Pantiacolla,24,81,2014,Thraupidae,,Tangara_schrankii,P7_BRA14,NA,NA,NA,NA,12.653,12,39,10.9,71.2298,71,13,47.2,,394,1-Dec-14,1-Dec-14,NA,NA,NA,4-Dec-14,,,,4-Dec-14,3,Abandonado,,Huevo,Copa,,56.7,41.7,15.1,36.5,NA,90,65.8,49.4,,125,6.51,,4.04,2.04,NA,NA,NA,1,20.7,14.8,NA,1,NA,NA,NA,NA,NA,NA,NA,NA,NA,NA,NA,NA,No,No,x,x,Carne con pintas oscuras mas en un extremo que en el otro,12/1/2014,NA,12/4/2014,NA,338,NA,Tangara_schrankii_P7_BRA14,125,Tangara,6.51,81,2014 -book: 24 -page: 81 -species: Tangara_schrankii -number: 1,1,335,335,NA,NA,NA,338,335,NA,338
Pantiacolla,2,49,2010,Thraupidae,,Tangara_schrankii,P7_SAG10,NA,NA,NA,NA,12.6588,12,39,31.6,71.2502,71,15,0.7,,447,10-Oct-10,10-Oct-10,NA,25-Oct-10,25-Oct-10,6-Nov-10,,,,6-Nov-10,27,Depredado_total,,Huevo,Copa,,56.9,50.5,17,33.7,NA,73.9,78.6,60.5,,60,NA,,x,x,x,x,x,1A,20.1,16,2.75,2,10-Oct-10,NA,NA,NA,NA,NA,NA,NA,NA,NA,NA,NA,Si,No,No,Si,,10/10/2010,10/25/2010,11/6/2010,10/10/2010,310,283,Tangara_schrankii_P7_SAG10,60,Tangara,9.3479,49,2010 -book: 2 -page: 49 -species: Tangara_schrankii -number: 1,1,283,283,NA,298,298,310,283,298,298
Pantiacolla,17,154,2013,Thraupidae,,Tangara_schrankii,P77_MASM13,NA,NA,NA,NA,12.6482,12,38,53.4,71.2468,71,14,48.5,,444,25-Oct-13,25-Oct-13,NA,NA,NA,30-Oct-13,,,,30-Oct-13,5,Depredado_total,,Huevo,Copa,,60.8,47,19,38.6,NA,66.3,70.5,45,,300,12.04,,5.55,4.64,1.53,NA,NA,1A,20.4,15.4,2.55,2,25-Oct-13,NA,NA,NA,NA,NA,NA,NA,NA,NA,NA,NA,NA,NA,No,No,,10/25/2013,NA,10/30/2013,10/25/2013,303,298,Tangara_schrankii_P77_MASM13,300,Tangara,12.04,154,2013 -book: 17 -page: 154 -species: Tangara_schrankii -number: 1,1,298,298,NA,NA,NA,303,298,NA,303
Pantiacolla,10,21,2011,Thraupidae,,Tangara_schrankii,P78_CFV11,NA,NA,NA,NA,x,x,x,x,x,x,x,x,,NA,4-Dec-11,10-Dec-11,NA,NA,NA,14-Dec-11,,,,NA,NA,Activo,,Huevo,Copa,,48.3,x,9.5,24.7,NA,57.2,69.3,54.2,,170,NA,,x,x,x,NA,NA,A,21,15.3,2.7,1,NA,NA,NA,NA,NA,NA,NA,NA,NA,NA,NA,NA,No,NA,No,No,,12/4/2011,NA,NA,NA,NA,NA,Tangara_schrankii_P78_CFV11,170,Tangara,9.3479,21,2011 -book: 10 -page: 21 -species: Tangara_schrankii -number: 1,1,338,344,NA,NA,NA,348,338,NA,348
Pantiacolla,10,27,2011,Thraupidae,,Tangara_schrankii,P80_CFV11,NA,NA,NA,NA,12.6539,12,39,14,71.2611,71,15,40,,463,NA,13-Dec-11,NA,NA,NA,14-Dec-11,,,,NA,NA,Activo,,Huevo,Copa,,44.2,43.1,21.5,30.7,NA,85,58.2,62,,200,NA,,x,x,x,x,x,1A,20,15.2,2.4,2,NA,NA,NA,NA,NA,NA,NA,NA,NA,NA,NA,NA,No,NA,No,No,,NA,NA,NA,NA,NA,NA,Tangara_schrankii_P80_CFV11,200,Tangara,9.3479,27,2011 -book: 10 -page: 27 -species: Tangara_schrankii -number: 1,1,NA,347,NA,NA,NA,348,347,NA,348
Pantiacolla,14,34,2012,Thraupidae,,Tangara_schrankii,P84_MASM12,NA,NA,NA,NA,12.6537,12,39,13.2,71.234,71,14,2.5,,408,4-Nov-12,4-Nov-12,NA,NA,5-Nov-12,5-Nov-12,,,,5-Nov-12,1,Depredado_total,,Huevo,Copa,,x,x,x,x,NA,x,x,x,,NA,8.26,,3.93,3.28,0.8,NA,NA,1A,19.9,15.3,2.4,NA,NA,NA,NA,NA,NA,NA,NA,NA,NA,NA,NA,NA,NA,NA,NA,NA,,11/4/2012,11/5/2012,11/5/2012,NA,310,NA,Tangara_schrankii_P84_MASM12,142.4112903,Tangara,8.26,34,2012 -book: 14 -page: 34 -species: Tangara_schrankii -number: 1,1,309,309,NA,NA,310,310,309,NA,310
Pantiacolla,4,80,2010,Thraupidae,,Tangara_schrankii,P9_GVC10,NA,NA,NA,NA,12.6523,12,39,8.3,71.2305,71,13,49.7,,402,16-Oct-10,16-Oct-10,NA,18-Oct-10,31-Oct-10,31-Oct-10,,,,31-Oct-10,15,Exitoso,,Huevo,Copa,,50.2,53.9,22.8,38.4,NA,59.9,83.7,72.6,,210,NA,,x,x,x,x,x,1,21.3,15.1,2.2,2,16-Oct-10,NA,NA,NA,NA,NA,NA,NA,NA,NA,NA,NA,Si,Si,No,No,,10/16/2010,10/31/2010,10/31/2010,10/16/2010,304,289,Tangara_schrankii_P9_GVC10,210,Tangara,9.3479,80,2010 -book: 4 -page: 80 -species: Tangara_schrankii -number: 1,1,289,289,NA,291,304,304,289,291,304
Pantiacolla,19,30,2013,Thraupidae,,Tangara_schrankii,P93_MASM13,NA,NA,NA,NA,12.6492,12,38,57.1,71.2457,71,14,44.5,,459,7-Nov-13,7-Nov-13,NA,NA,7-Nov-13,7-Nov-13,,,,22-Nov-13,15,Depredado_total,,Huevo,Copa,,49.3,44.4,11.5,31.5,NA,87.1,72.4,53.3,,180,5.52,,4.44,1.08,NA,NA,NA,A,20.5,15.1,2.55,2,NA,NA,NA,NA,NA,NA,NA,NA,NA,NA,NA,NA,NA,NA,No,No,,11/7/2013,11/7/2013,11/22/2013,NA,326,NA,Tangara_schrankii_P93_MASM13,180,Tangara,5.52,30,2013 -book: 19 -page: 30 -species: Tangara_schrankii -number: 1,1,311,311,NA,NA,311,311,311,NA,311
Tono,3,88,2009,Thraupidae,,Tangara_schrankii,T06_JAH09,NA,NA,NA,NA,12.9567,12,57,24,71.5623,71,33,44.2,,876,23-Sep-09,23-Sep-09,NA,NA,27-Sep-09,27-Sep-09,,,,28-Sep-09,5,NA,,Huevo,Copa,,60.6,61.4,19,41.5,NA,59.1,71,x,,50,4.7,,1.1,2.1,3.6,x,x,1A,19.3,15.2,2.65,2,NA,NA,NA,NA,NA,NA,NA,NA,NA,NA,NA,NA,No,NA,Si,Si,,9/23/2009,9/27/2009,9/28/2009,NA,271,NA,Tangara_schrankii_T06_JAH09,50,Tangara,4.7,88,2009 -book: 3 -page: 88 -species: Tangara_schrankii -number: 1,1,266,266,NA,NA,270,270,266,NA,270
Tono,2,70,2008,Thraupidae,,Tangara_schrankii,T1_GVC08,NA,NA,NA,NA,12.9593,12,57,33.5,71.5664,71,33,59.1,,933,15-Oct-08,15-Oct-08,NA,20-Oct-08,20-Oct-08,26-Oct-08,,,,20-Oct-08,5,No_exitoso,,Huevo,Copa,,84.9,78.6,15.7,45.9,NA,92.2,85.5,76.4,,170,4.4,,4.4,x,x,x,x,1,20.4,15,2.15,2,15-Oct-08,NA,NA,NA,NA,NA,NA,NA,NA,NA,NA,NA,No,NA,x,x,,10/15/2008,10/20/2008,10/20/2008,10/15/2008,294,289,Tangara_schrankii_T1_GVC08,170,Tangara,4.4,70,2008 -book: 2 -page: 70 -species: Tangara_schrankii -number: 1,1,289,289,NA,294,294,300,289,294,294
Tono,1,97,2008,Thraupidae,,Tangara_schrankii,T1_JAG08,NA,NA,NA,NA,12.961,12,57,39.5,71.573,71,34,22.7,,933,4-Oct-08,4-Oct-08,NA,NA,5-Oct-08,5-Oct-08,,,,10-Oct-08,6,Depredado_total,,Huevo,Copa,,56.3,58.6,7.5,89.8,NA,65.5,68.4,54.8,,92,19.2,,9.4,8.2,1.6,x,x,A,21.7,15.2,2.7,2,NA,NA,NA,NA,NA,NA,NA,NA,NA,NA,NA,NA,x,NA,No,Si,,10/4/2008,10/5/2008,10/10/2008,NA,284,NA,Tangara_schrankii_T1_JAG08,92,Tangara,19.2,97,2008 -book: 1 -page: 97 -species: Tangara_schrankii -number: 1,1,278,278,NA,NA,279,279,278,NA,279
Tono,1,27,2008,Thraupidae,,Tangara_schrankii,T1_KMB08,NA,NA,NA,NA,12.9586,12,57,31.1,71.5678,71,34,4.1,,947,28-Aug-08,28-Aug-08,NA,NA,29-Aug-08,29-Aug-08,,,,1-Sep-08,4,Abandonado,,Huevo,Copa,,56.3,54.4,11.9,39.8,NA,86,72.9,62.9,,70,22.5,,2.2,6.35,13.95,x,x,1,21.7,14.8,2.5,2,NA,NA,NA,NA,NA,NA,NA,NA,NA,NA,NA,NA,x,NA,No,Si,,8/28/2008,8/29/2008,9/1/2008,NA,245,NA,Tangara_schrankii_T1_KMB08,70,Tangara,22.5,27,2008 -book: 1 -page: 27 -species: Tangara_schrankii -number: 1,1,241,241,NA,NA,242,242,241,NA,242
Tono,1,45,2008,Thraupidae,,Tangara_schrankii,T1_SDR08,NA,NA,NA,NA,12.9605,12,57,37.7,71.5747,71,34,28.9,,1010,14-Sep-08,14-Sep-08,NA,NA,18-Sep-08,18-Sep-08,,,,19-Sep-08,5,Depredado_total,,Huevo,Copa,,45.9,46.5,23.7,46.5,NA,40.2,68.4,69.8,,130,11.3,,7.8,2.6,0.9,x,x,A,20,14.6,2.4,2,NA,NA,NA,NA,NA,NA,NA,NA,NA,NA,NA,NA,x,NA,No,Si,,9/14/2008,9/18/2008,9/19/2008,NA,263,NA,Tangara_schrankii_T1_SDR08,130,Tangara,11.3,45,2008 -book: 1 -page: 45 -species: Tangara_schrankii -number: 1,1,258,258,NA,NA,262,262,258,NA,262
Tono,4,90,2009,Thraupidae,,Tangara_schrankii,T18_MAL09,NA,NA,NA,NA,12.9604,12,57,37.5,71.5739,71,34,26,,950,22-Oct-09,22-Oct-09,NA,NA,26-Oct-09,26-Oct-09,,,,26-Oct-09,4,Depredado_total,,Huevo,Copa,,93.6,109.5,36.9,43,NA,41.1,42,59.8,,210,5.5,,2.7,1.4,1.4,NA,NA,1A,20.1,15.2,2.55,2,NA,NA,NA,NA,NA,NA,NA,NA,NA,NA,NA,NA,No,No,No,Si,,10/22/2009,10/26/2009,10/26/2009,NA,299,NA,Tangara_schrankii_T18_MAL09,210,Tangara,5.5,90,2009 -book: 4 -page: 90 -species: Tangara_schrankii -number: 1,1,295,295,NA,NA,299,299,295,NA,299
Tono,2,74,2008,Thraupidae,,Tangara_schrankii,T2_GVC08,NA,NA,NA,NA,12.9578,12,57,28.1,71.5669,71,34,0.8,,927,9-Nov-08,9-Nov-08,NA,NA,12-Nov-08,12-Nov-08,,,,12-Nov-08,3,Depredado_total,,Huevo,Copa,,50.8,43,19.2,46.6,NA,97.3,87.9,66.9,,190,16,,6.5,3.3,5.6,0.9,x,A,21.8,15.7,2.8,2,NA,NA,NA,NA,NA,NA,NA,NA,NA,NA,NA,NA,x,NA,x,Si,,11/9/2008,11/12/2008,11/12/2008,NA,317,NA,Tangara_schrankii_T2_GVC08,190,Tangara,16,74,2008 -book: 2 -page: 74 -species: Tangara_schrankii -number: 1,1,314,314,NA,NA,317,317,314,NA,317
Tono,2,120,2008,Thraupidae,,Tangara_schrankii,T2_JAG08,NA,NA,NA,NA,12.975,12,57,89.9,71.5708,71,34,15,,1010,22-Oct-08,22-Oct-08,NA,NA,23-Oct-08,23-Oct-08,,,,23-Oct-08,1,Depredado_total,,Huevo,Copa,,52.2,40,13.1,80.2,NA,78.2,76.9,61.4,,67,19.2,,12.4,4,2.8,x,x,1,22,15.6,2.8,2,NA,NA,NA,NA,NA,NA,NA,NA,NA,NA,NA,NA,x,NA,x,x,,10/22/2008,10/23/2008,10/23/2008,NA,297,NA,Tangara_schrankii_T2_JAG08,67,Tangara,19.2,120,2008 -book: 2 -page: 120 -species: Tangara_schrankii -number: 1,1,296,296,NA,NA,297,297,296,NA,297
Tono,2,63,2008,Thraupidae,,Tangara_schrankii,T2_KMB08,NA,NA,NA,NA,12.9608,12,57,38.9,71.5698,71,34,11.1,,966,28-Oct-08,28-Oct-08,NA,NA,4-Nov-08,4-Nov-08,,,,4-Nov-08,7,Depredado_total,,Huevo,Copa,,48.6,54.6,18,42.8,NA,77.1,80,61.7,,100,1.8,,1.5,0.3,x,x,x,1A,21.2,14.9,2.6,2,NA,NA,NA,NA,NA,NA,NA,NA,NA,NA,NA,NA,x,NA,x,Si,El huevo que contenia el sensor se rompió,10/28/2008,11/4/2008,11/4/2008,NA,309,NA,Tangara_schrankii_T2_KMB08,100,Tangara,1.8,63,2008 -book: 2 -page: 63 -species: Tangara_schrankii -number: 1,1,302,302,NA,NA,309,309,302,NA,309
Tono,1,93,2008,Thraupidae,,Tangara_schrankii,T2_SDR08,NA,NA,NA,NA,12.9588,12,57,31.7,71.5664,71,33,59.2,,973,22-Oct-08,22-Oct-08,NA,NA,23-Oct-08,23-Oct-08,,,,27-Oct-08,5,Depredado_total,,Huevo,Copa,,68.3,59,16.5,31.5,NA,74.3,91.7,50.9,,80,23.2,,13.8,5.8,2.9,x,x,1A,21.4,14.7,2.4,2,NA,NA,NA,NA,NA,NA,NA,NA,NA,NA,NA,NA,x,NA,No,Si,,10/22/2008,10/23/2008,10/27/2008,NA,301,NA,Tangara_schrankii_T2_SDR08,80,Tangara,23.2,93,2008 -book: 1 -page: 93 -species: Tangara_schrankii -number: 1,1,296,296,NA,NA,297,297,296,NA,297
Tono,4,132,2009,Thraupidae,,Tangara_schrankii,T22_JAH09,NA,NA,NA,NA,12.9574,12,57,26.7,71.5538,71,33,13.5,,912,2-Nov-09,2-Nov-09,NA,NA,NA,2-Nov-09,,,,NA,NA,Depredado_total,,Huevo,Copa,,35.8,53,12.6,53.8,NA,87.5,69.3,53.8,,50,8.6,,3.6,2.1,1.1,NA,NA,A,22.3,15.9,3.05,1,NA,NA,NA,NA,NA,NA,NA,NA,NA,NA,NA,NA,No,No,x,x,,11/2/2009,NA,NA,NA,NA,NA,Tangara_schrankii_T22_JAH09,50,Tangara,8.6,132,2009 -book: 4 -page: 132 -species: Tangara_schrankii -number: 1,1,306,306,NA,NA,NA,306,306,NA,306
Tono,6,12,2009,Thraupidae,,Tangara_schrankii,T24_MAL09,NA,NA,NA,NA,12.9607,12,57,38.4,71.5667,71,34,0.1,,953,29-Oct-09,29-Oct-09,NA,6-Nov-09,20-Nov-09,20-Nov-09,,,,20-Nov-09,22,Exitoso,,Huevo,Copa,,50.4,47.1,28.7,34.6,NA,89.7,91.9,45.5,,210,3.65,,1.8,1.45,0.4,x,x,1,23.1,16,2.95,1,29-Oct-09,NA,NA,NA,NA,NA,NA,NA,NA,NA,NA,NA,x,NA,x,x,,10/29/2009,11/20/2009,11/20/2009,10/29/2009,324,302,Tangara_schrankii_T24_MAL09,210,Tangara,3.65,12,2009 -book: 6 -page: 12 -species: Tangara_schrankii -number: 1,1,302,302,NA,310,324,324,302,310,324
Tono,2,76,2008,Thraupidae,,Tangara_schrankii,T3_GVC08,NA,NA,NA,NA,12.9597,12,57,34.9,71.5658,71,33,57,,930,11-Nov-08,11-Nov-08,NA,NA,14-Nov-08,14-Nov-08,,,,14-Nov-08,3,Abandonado,,Huevo,Copa,,53.2,47.5,26.9,46.7,NA,85.2,72.6,71.1,,120,12,,6.3,3.7,1.3,x,x,A,19.7,15.1,2.45,NA,NA,NA,NA,NA,NA,NA,NA,NA,NA,NA,NA,NA,x,NA,x,Si,El huevo nunca fue incubado y nunca se completó la puesta,11/11/2008,11/14/2008,11/14/2008,NA,319,NA,Tangara_schrankii_T3_GVC08,120,Tangara,12,76,2008 -book: 2 -page: 76 -species: Tangara_schrankii -number: 1,1,316,316,NA,NA,319,319,316,NA,319
Tono,2,122,2008,Thraupidae,,Tangara_schrankii,T3_JAG08,NA,NA,NA,NA,12.9613,12,57,40.8,71.5718,71,34,18.3,,985,23-Oct-08,23-Oct-08,NA,NA,NA,23-Oct-08,,,,NA,NA,Depredado_total,,Huevo,Copa,,37.4,35.3,11.9,34.2,NA,72.5,63.8,45.6,,92,4.6,,2,1.8,0.8,x,x,1,20.8,14.8,2.35,2,NA,NA,NA,NA,NA,NA,NA,NA,NA,NA,NA,NA,x,NA,x,x,,10/23/2008,NA,NA,NA,NA,NA,Tangara_schrankii_T3_JAG08,92,Tangara,4.6,122,2008 -book: 2 -page: 122 -species: Tangara_schrankii -number: 1,1,297,297,NA,NA,NA,297,297,NA,297
Tono,2,104,2008,Thraupidae,,Tangara_schrankii,T3_KMB08,NA,NA,NA,NA,12.9589,12,57,32.1,71.5666,71,33,59.7,,924,7-Nov-08,7-Nov-08,NA,NA,11-Nov-08,11-Nov-08,,,,11-Nov-08,4,Depredado_total,,Huevo,Copa,,x,x,x,x,NA,x,x,x,,NA,NA,,x,x,x,x,x,A,21.6,14.2,2.45,2,NA,NA,NA,NA,NA,NA,NA,NA,NA,NA,NA,NA,x,NA,x,Si,,11/7/2008,11/11/2008,11/11/2008,NA,316,NA,Tangara_schrankii_T3_KMB08,142.4112903,Tangara,9.3479,104,2008 -book: 2 -page: 104 -species: Tangara_schrankii -number: 1,1,312,312,NA,NA,316,316,312,NA,316
Tono,6,120,2009,Thraupidae,,Tangara_schrankii,T30_MALO9,NA,NA,NA,NA,12.9611,12,57,39.8,71.5686,71,34,7.1,,934,11-Nov-09,18-Nov-09,NA,18-Nov-09,30-Nov-09,30-Nov-09,,,,30-Nov-09,19,Exitoso,,Huevo,Copa,,88.6,74.1,13.6,28.2,NA,51.2,54.5,41.7,,165,4.75,,2.5,0.95,0.65,x,x,1,21.3,14.6,2.1,1,11-Nov-09,NA,NA,NA,NA,NA,NA,NA,NA,NA,NA,NA,Si,No,No,No,Video de alimentacion,11/11/2009,11/30/2009,11/30/2009,11/11/2009,334,315,Tangara_schrankii_T30_MALO9,165,Tangara,4.75,120,2009 -book: 6 -page: 120 -species: Tangara_schrankii -number: 1,1,315,322,NA,322,334,334,315,322,334
Tono,6,107,2009,Thraupidae,,Tangara_schrankii,T37_MAL09,NA,NA,NA,NA,12.961,12,57,39.5,71.5741,71,34,26.7,,984,6-Dec-09,6-Dec-09,NA,NA,NA,6-Dec-09,,,,NA,NA,Activo,,Huevo,Copa,,47.4,108.3,15.2,77.5,37.8,x,78.1,113.7,,NA,18.7,,9.95,6.35,x,x,x,1,21.9,14.2,2.25,2,NA,NA,NA,NA,NA,NA,NA,NA,NA,NA,NA,NA,No,No,No,No,,12/6/2009,NA,NA,NA,NA,NA,Tangara_schrankii_T37_MAL09,142.4112903,Tangara,18.7,107,2009 -book: 6 -page: 107 -species: Tangara_schrankii -number: 1,1,340,340,NA,NA,NA,340,340,NA,340
Tono,5,90,2009,Thraupidae,,Tangara_schrankii,T38_SCP09,NA,NA,NA,NA,12.9608,12,57,38.8,71.573,71,34,22.7,,1020,24-Nov-09,24-Nov-09,23-Nov-09,24-Nov-09,27-Nov-09,27-Nov-09,,,,27-Nov-09,3,Depredado_total,,Polluelo,Copa,,52.3,43.5,30.5,55.7,NA,82,72.7,69.4,,100,11.75,,6,4.3,1.15,x,x,NA,NA,NA,NA,2,24-Nov-09,1,azul,1,5.1,11,10,x,x,x,x,NA,x,No,x,x,Polluelos con muchas larvas de dipteros parasitandolos,11/24/2009,11/27/2009,11/27/2009,11/24/2009,331,328,Tangara_schrankii_T38_SCP09,100,Tangara,11.75,90,2009 -book: 5 -page: 90 -species: Tangara_schrankii -number: 1,1,328,328,327,328,331,331,328,327,331
Tono,2,84,2008,Thraupidae,,Tangara_schrankii,T4_KMB08,NA,NA,NA,NA,12.9593,12,57,33.6,71.5707,71,34,14.4,,985,16-Nov-08,16-Nov-08,NA,NA,NA,16-Nov-08,,,,16-Nov-08,0,Depredado_total,,Huevo,Copa,,50.4,38.5,10,46.2,NA,69.5,66.7,43,,200,3.6,,2.1,1,0.5,x,x,1,21.6,15.1,2.25,2,NA,NA,NA,NA,NA,NA,NA,NA,NA,NA,NA,NA,x,NA,x,Si,,11/16/2008,NA,11/16/2008,NA,321,NA,Tangara_schrankii_T4_KMB08,200,Tangara,3.6,84,2008 -book: 2 -page: 84 -species: Tangara_schrankii -number: 1,1,321,321,NA,NA,NA,321,321,NA,321
Tono,3,anexo,2008,Thraupidae,,Tangara_schrankii,T5_JAG08,NA,NA,NA,NA,12.961,12,57,39.5,71.5709,71,34,15.3,,964,29-Nov-08,NA,NA,NA,NA,NA,,,,NA,NA,Depredado_total,,Huevo,Copa,,x,x,x,x,NA,x,x,x,,NA,NA,,x,x,x,x,x,1A,20.7,14.3,2.4,2,NA,NA,NA,NA,NA,NA,NA,NA,NA,NA,NA,NA,No,No,No,Si,,11/29/2008,NA,NA,NA,NA,NA,Tangara_schrankii_T5_JAG08,142.4112903,Tangara,9.3479,8,2008 -book: 3 -page: 8 -species: Tangara_schrankii -number: 1,1,334,NA,NA,NA,NA,NA,334,NA,NA
Tono,2,124,2008,Thraupidae,,Tangara_schrankii,T8_JAG08,NA,NA,NA,NA,12.9621,12,57,43.6,71.5726,71,34,21.3,,994,26-Oct-08,29-Oct-08,NA,NA,NA,29-Oct-08,,,,29-Oct-08,3,Depredado_total,,Huevo,Copa,,49.3,41.9,12.4,36.3,NA,70.5,64.9,52.4,,80,2.9,,1.8,0.3,0.8,x,x,x,20.8,14.8,2.35,NA,NA,NA,NA,NA,NA,NA,NA,NA,NA,NA,NA,NA,x,NA,x,x,,10/26/2008,NA,10/29/2008,NA,303,NA,Tangara_schrankii_T8_JAG08,80,Tangara,2.9,124,2008 -book: 2 -page: 124 -species: Tangara_schrankii -number: 1,1,300,303,NA,NA,NA,303,300,NA,303
